{
  "type": "FeatureCollection",
  "features": [
    {
      "type": "Feature",
      "properties": {
        "id": "gent-kanaaldorpen",
        "name": "Gentse Kanaaldorpen en -zone"
      },
      "geometry": {
        "type": "Polygon",
        "coordinates": [
          [
            [3.816887452, 51.128211623],
            [3.816702928, 51.128288757],
            [3.816693676, 51.128292624],
            [3.816676805, 51.128299676],
            [3.816615647, 51.12832582],
            [3.816623489, 51.128328145],
            [3.816980869, 51.1284341],
            [3.817355884, 51.128621104],
            [3.818169409, 51.129082354],
            [3.819238496, 51.129718382],
            [3.820024274, 51.130188057],
            [3.821339934, 51.130987433],
            [3.82237211, 51.131646434],
            [3.822883601, 51.131975915],
            [3.823404246, 51.132302621],
            [3.823668389, 51.132403983],
            [3.823603694, 51.132475331],
            [3.823574036, 51.132507827],
            [3.823205549, 51.132911578],
            [3.822664266, 51.133471596],
            [3.822483962, 51.133610104],
            [3.822138616, 51.133875393],
            [3.8219954, 51.13400457],
            [3.821464572, 51.134502708],
            [3.821439826, 51.134525929],
            [3.821166267, 51.134788448],
            [3.821044203, 51.134886884],
            [3.820903034, 51.135000727],
            [3.82088339, 51.135016568],
            [3.820813499, 51.135105458],
            [3.820464044, 51.135549906],
            [3.82041467, 51.135598548],
            [3.820390572, 51.135631135],
            [3.820281191, 51.135779047],
            [3.820116209, 51.136002143],
            [3.820120056, 51.136011152],
            [3.820157566, 51.136098989],
            [3.820194828, 51.136112133],
            [3.820355534, 51.136168818],
            [3.821544866, 51.136588319],
            [3.82222504, 51.136806943],
            [3.822200255, 51.136865824],
            [3.821398308, 51.138774138],
            [3.821397985, 51.13877491],
            [3.82139168, 51.138786798],
            [3.821384796, 51.138799781],
            [3.820317575, 51.140812217],
            [3.819986816, 51.141435884],
            [3.819918359, 51.141564961],
            [3.819913114, 51.141575001],
            [3.819924775, 51.141575206],
            [3.820015744, 51.141576809],
            [3.820073735, 51.141566167],
            [3.82016891, 51.141542892],
            [3.820204745, 51.141535259],
            [3.820260671, 51.141523346],
            [3.820356665, 51.141514635],
            [3.820439908, 51.141515594],
            [3.820501443, 51.141522255],
            [3.820507812, 51.141522945],
            [3.820783551, 51.141571301],
            [3.820847699, 51.141580692],
            [3.820988848, 51.141595441],
            [3.821179735, 51.14161876],
            [3.821251886, 51.141632629],
            [3.821536694, 51.141687379],
            [3.821699389, 51.14171972],
            [3.821860804, 51.141754766],
            [3.822020391, 51.141797326],
            [3.822105428, 51.141826084],
            [3.82212504, 51.141834564],
            [3.82225171, 51.141889333],
            [3.822367363, 51.141947565],
            [3.822424434, 51.141982375],
            [3.822437207, 51.141992732],
            [3.822440978, 51.141995791],
            [3.822469359, 51.142026695],
            [3.822497771, 51.14204516],
            [3.822615852, 51.142092898],
            [3.822692284, 51.142123798],
            [3.822693345, 51.142124227],
            [3.822762513, 51.142147391],
            [3.822810596, 51.142159678],
            [3.822851704, 51.142167102],
            [3.822867153, 51.142169893],
            [3.823123261, 51.142203523],
            [3.82332432, 51.142232925],
            [3.823445624, 51.142255112],
            [3.823595209, 51.14228247],
            [3.823637236, 51.142290157],
            [3.823765133, 51.142318258],
            [3.823885883, 51.142350801],
            [3.823965017, 51.142376914],
            [3.824099272, 51.142428265],
            [3.824110573, 51.142433322],
            [3.824230754, 51.142487093],
            [3.824260749, 51.142503677],
            [3.824444856, 51.142605462],
            [3.824585782, 51.142694729],
            [3.824762211, 51.142811169],
            [3.824770374, 51.142816556],
            [3.824811714, 51.14284384],
            [3.824928651, 51.142928117],
            [3.824972547, 51.142964991],
            [3.825001136, 51.142996582],
            [3.825032266, 51.14304518],
            [3.825041914, 51.143060242],
            [3.825093591, 51.143140919],
            [3.825101709, 51.143153593],
            [3.825131926, 51.143193684],
            [3.825132573, 51.143194282],
            [3.825171292, 51.143230924],
            [3.825209292, 51.14325842],
            [3.825224952, 51.143270065],
            [3.825268536, 51.143296663],
            [3.825371685, 51.143351458],
            [3.825450348, 51.143400316],
            [3.825728723, 51.143595588],
            [3.825839983, 51.143666409],
            [3.826049582, 51.143778517],
            [3.826155902, 51.143835384],
            [3.826534241, 51.144043903],
            [3.826761346, 51.144157629],
            [3.827187673, 51.144365479],
            [3.827234794, 51.144388452],
            [3.827361276, 51.14445764],
            [3.827508435, 51.144538138],
            [3.827748863, 51.144669654],
            [3.828132896, 51.144855624],
            [3.828177812, 51.144878516],
            [3.828366594, 51.144974733],
            [3.828548664, 51.145076647],
            [3.828761708, 51.14520567],
            [3.828846592, 51.145254031],
            [3.828990999, 51.1453319],
            [3.829194441, 51.145431018],
            [3.829381741, 51.145509704],
            [3.829453637, 51.145535987],
            [3.829934827, 51.145673194],
            [3.830037189, 51.145704653],
            [3.830155786, 51.145741102],
            [3.830248307, 51.145772313],
            [3.830489993, 51.145863557],
            [3.831026441, 51.1460735],
            [3.831107402, 51.146098037],
            [3.831282725, 51.146138046],
            [3.831425031, 51.146161684],
            [3.831538624, 51.14617659],
            [3.83184142, 51.146205408],
            [3.832081451, 51.146218106],
            [3.832237207, 51.146226345],
            [3.83246644, 51.146238472],
            [3.832497395, 51.146241036],
            [3.832517439, 51.146242698],
            [3.832556, 51.14624925],
            [3.832591651, 51.146258966],
            [3.832620281, 51.146269935],
            [3.832630661, 51.146275266],
            [3.832740975, 51.146331919],
            [3.832788415, 51.146348631],
            [3.833203135, 51.146446382],
            [3.833461889, 51.146507369],
            [3.833805769, 51.146600631],
            [3.833897109, 51.146628579],
            [3.834084401, 51.146685884],
            [3.834547219, 51.146809839],
            [3.834682565, 51.146840717],
            [3.834876183, 51.1468775],
            [3.834932203, 51.146884009],
            [3.835041273, 51.146896679],
            [3.83509535, 51.146898677],
            [3.835151825, 51.146896601],
            [3.835301762, 51.146879885],
            [3.835487446, 51.146852684],
            [3.835621482, 51.146833048],
            [3.835685857, 51.146825709],
            [3.835762679, 51.146821007],
            [3.835816263, 51.146820867],
            [3.8358693, 51.146823507],
            [3.835918356, 51.146829918],
            [3.835983293, 51.1468428],
            [3.836028108, 51.146854491],
            [3.836045816, 51.14685911],
            [3.836087619, 51.146872893],
            [3.836116482, 51.146882409],
            [3.836175646, 51.146906733],
            [3.836246982, 51.146941153],
            [3.836371709, 51.147007642],
            [3.836502729, 51.147082039],
            [3.836506455, 51.147084155],
            [3.836572851, 51.147126822],
            [3.836574791, 51.147128172],
            [3.836711207, 51.147223001],
            [3.836923077, 51.147357639],
            [3.836966089, 51.147384971],
            [3.836992859, 51.147398004],
            [3.837049591, 51.147425623],
            [3.837098333, 51.14744138],
            [3.837140507, 51.147451624],
            [3.837146699, 51.147452749],
            [3.837483971, 51.147514083],
            [3.837749468, 51.147556121],
            [3.837868455, 51.147574961],
            [3.837990706, 51.147592087],
            [3.838254325, 51.147624628],
            [3.838303527, 51.147627766],
            [3.838566243, 51.147617897],
            [3.838677977, 51.1476137],
            [3.838710393, 51.147605997],
            [3.83874639, 51.147593551],
            [3.838790078, 51.147579821],
            [3.838949504, 51.147522849],
            [3.839037183, 51.147495317],
            [3.839185613, 51.147454709],
            [3.839383687, 51.14740513],
            [3.839435805, 51.147392085],
            [3.83950933, 51.147376716],
            [3.839626638, 51.147368179],
            [3.840198508, 51.147342478],
            [3.840261933, 51.14733722],
            [3.840312342, 51.14732485],
            [3.840528741, 51.147251905],
            [3.840644566, 51.14720608],
            [3.840754234, 51.147158642],
            [3.840925562, 51.147067363],
            [3.841059165, 51.146992612],
            [3.841243944, 51.146880362],
            [3.84144539, 51.146764033],
            [3.841486305, 51.146742726],
            [3.841496711, 51.146737307],
            [3.841566608, 51.146705315],
            [3.841602328, 51.146691425],
            [3.841644132, 51.146679338],
            [3.841683754, 51.146670946],
            [3.841725463, 51.146665249],
            [3.841855358, 51.146655056],
            [3.842304315, 51.146664909],
            [3.842351776, 51.146666113],
            [3.842512759, 51.146661521],
            [3.842551196, 51.146658053],
            [3.842614031, 51.146646788],
            [3.843211754, 51.146510645],
            [3.843290455, 51.14649272],
            [3.843349805, 51.146481866],
            [3.843411352, 51.146478008],
            [3.843473605, 51.146483908],
            [3.84348826, 51.146486995],
            [3.843587178, 51.146507834],
            [3.844057434, 51.146635602],
            [3.844074001, 51.146640583],
            [3.844224201, 51.146685739],
            [3.844306964, 51.146708241],
            [3.845007252, 51.146927629],
            [3.84507923, 51.146944996],
            [3.845124419, 51.146951654],
            [3.845250228, 51.146964156],
            [3.845322504, 51.146968576],
            [3.845846779, 51.147012001],
            [3.846118369, 51.147041007],
            [3.846239151, 51.147053906],
            [3.846505624, 51.147086495],
            [3.846510325, 51.147087071],
            [3.846684823, 51.147113299],
            [3.84676902, 51.147130241],
            [3.846939589, 51.14718182],
            [3.8469732, 51.147191984],
            [3.847069074, 51.147228373],
            [3.847204573, 51.147291556],
            [3.847565505, 51.147479566],
            [3.847630953, 51.147505686],
            [3.847672798, 51.147516209],
            [3.847729447, 51.147521512],
            [3.847791902, 51.147519773],
            [3.847941262, 51.14750511],
            [3.847991148, 51.147497103],
            [3.848098896, 51.147479808],
            [3.848186696, 51.147475234],
            [3.848374659, 51.147490348],
            [3.848445113, 51.147497816],
            [3.848513468, 51.147505062],
            [3.848683275, 51.147528119],
            [3.848730083, 51.147531678],
            [3.848962802, 51.147530831],
            [3.848972749, 51.147530437],
            [3.849047617, 51.147527465],
            [3.849304744, 51.147539789],
            [3.849310013, 51.147549995],
            [3.849326728, 51.147582369],
            [3.849341349, 51.147610689],
            [3.849291211, 51.14766861],
            [3.849288658, 51.147671548],
            [3.849195457, 51.147778781],
            [3.848731414, 51.148330341],
            [3.848158548, 51.149011226],
            [3.848126233, 51.149049636],
            [3.848110445, 51.149068399],
            [3.848036841, 51.149158451],
            [3.848037371, 51.149158588],
            [3.848030725, 51.149166738],
            [3.848023165, 51.149176286],
            [3.847997608, 51.149209613],
            [3.847995399, 51.149212494],
            [3.847992931, 51.149215491],
            [3.847972011, 51.1492409],
            [3.84781132, 51.149436056],
            [3.847699253, 51.149585418],
            [3.847653337, 51.149646614],
            [3.847624352, 51.149681264],
            [3.84646034, 51.151072697],
            [3.846451238, 51.15119605],
            [3.846448564, 51.151232308],
            [3.846442931, 51.151300178],
            [3.846511247, 51.151318054],
            [3.847144595, 51.151483784],
            [3.847326739, 51.151531445],
            [3.847314652, 51.151556503],
            [3.847297278, 51.151592521],
            [3.847084953, 51.152053364],
            [3.847077904, 51.152068664],
            [3.846970782, 51.152301164],
            [3.84696786, 51.152307504],
            [3.846651616, 51.152993864],
            [3.846565143, 51.153181539],
            [3.846396192, 51.153548211],
            [3.846187601, 51.154000907],
            [3.846064324, 51.15428031],
            [3.846061734, 51.154286181],
            [3.845944279, 51.154246194],
            [3.845222966, 51.154000623],
            [3.844933285, 51.153939193],
            [3.844698745, 51.153872399],
            [3.844592546, 51.153842154],
            [3.844569318, 51.153868739],
            [3.843271251, 51.155354338],
            [3.843242894, 51.155386791],
            [3.843164689, 51.155476289],
            [3.843062925, 51.155593467],
            [3.843183696, 51.15562944],
            [3.843390887, 51.155691151],
            [3.844532318, 51.15633602],
            [3.844577372, 51.156361472],
            [3.844443877, 51.156470085],
            [3.84443993, 51.156473322],
            [3.844427503, 51.156483516],
            [3.844420353, 51.156489381],
            [3.844420077, 51.156489607],
            [3.8444173, 51.156491885],
            [3.844360537, 51.156538448],
            [3.844355487, 51.156542591],
            [3.844350411, 51.156546753],
            [3.844339615, 51.156555641],
            [3.843227551, 51.157471235],
            [3.842603812, 51.158015522],
            [3.842594534, 51.158031064],
            [3.842571626, 51.158069443],
            [3.842571322, 51.158069953],
            [3.841564469, 51.159118491],
            [3.841576925, 51.159123591],
            [3.841582088, 51.159125704],
            [3.841564831, 51.15914763],
            [3.841212539, 51.159603868],
            [3.840374201, 51.159255984],
            [3.840370793, 51.15925457],
            [3.840337964, 51.159286176],
            [3.839904977, 51.159697944],
            [3.839865376, 51.159757149],
            [3.839745306, 51.159936656],
            [3.839665482, 51.160055996],
            [3.839612157, 51.160157139],
            [3.839604599, 51.160171474],
            [3.839565669, 51.160218673],
            [3.838996028, 51.160909285],
            [3.838925263, 51.160995077],
            [3.83891334, 51.161014585],
            [3.838655669, 51.161436201],
            [3.838655329, 51.161436374],
            [3.83865415, 51.161436973],
            [3.838579059, 51.161466764],
            [3.838558207, 51.161475036],
            [3.838518185, 51.161490913],
            [3.838096242, 51.161658305],
            [3.838084582, 51.161662936],
            [3.837740961, 51.16180036],
            [3.83774067, 51.161800476],
            [3.837528369, 51.161885381],
            [3.836914933, 51.162130706],
            [3.836025303, 51.162486477],
            [3.836011469, 51.16249201],
            [3.835954744, 51.162514431],
            [3.835899797, 51.16253615],
            [3.835215969, 51.16280644],
            [3.834320955, 51.163177773],
            [3.833758721, 51.163406282],
            [3.833536201, 51.163680206],
            [3.833442202, 51.163793053],
            [3.833129634, 51.164168285],
            [3.832826626, 51.164528127],
            [3.832466648, 51.164955613],
            [3.832459662, 51.164961831],
            [3.832455713, 51.164965345],
            [3.832432689, 51.164985682],
            [3.832432646, 51.16498572],
            [3.832350276, 51.164958006],
            [3.832279252, 51.164934109],
            [3.832251977, 51.164924931],
            [3.832208596, 51.164975814],
            [3.832202339, 51.164983216],
            [3.83182542, 51.165429096],
            [3.83176766, 51.165497573],
            [3.83092396, 51.166506419],
            [3.830659486, 51.166823954],
            [3.829907625, 51.167728651],
            [3.829799345, 51.167860272],
            [3.829723095, 51.167952958],
            [3.829704803, 51.167967828],
            [3.829663557, 51.168001356],
            [3.829572308, 51.168118557],
            [3.829525115, 51.168179174],
            [3.829393065, 51.16834194],
            [3.829029638, 51.168789898],
            [3.829024002, 51.168799142],
            [3.829470164, 51.168948341],
            [3.829311284, 51.16913997],
            [3.829773219, 51.169276729],
            [3.83008645, 51.169369462],
            [3.829779427, 51.16975029],
            [3.829683248, 51.169869832],
            [3.829645736, 51.169916457],
            [3.829562866, 51.170019459],
            [3.829456273, 51.17015223],
            [3.829363239, 51.170268145],
            [3.829349258, 51.17028578],
            [3.829361852, 51.170288825],
            [3.829460221, 51.170312599],
            [3.829937813, 51.170412785],
            [3.830493183, 51.17054279],
            [3.830522599, 51.170833423],
            [3.830487446, 51.170888751],
            [3.830176236, 51.171050259],
            [3.830012246, 51.171148722],
            [3.830034072, 51.171162749],
            [3.83026089, 51.171309019],
            [3.830365609, 51.171376548],
            [3.830466287, 51.171437262],
            [3.830703283, 51.171665458],
            [3.830871599, 51.171807528],
            [3.83092238, 51.171847221],
            [3.830992721, 51.171924663],
            [3.831053434, 51.171991503],
            [3.831307813, 51.172293245],
            [3.831428038, 51.172435852],
            [3.831749808, 51.172826656],
            [3.831758525, 51.172827625],
            [3.832368215, 51.17289539],
            [3.832398583, 51.172898766],
            [3.832543259, 51.172914845],
            [3.832540205, 51.172922044],
            [3.832147964, 51.173846434],
            [3.832021712, 51.174116629],
            [3.831966179, 51.174257647],
            [3.831966671, 51.174273692],
            [3.831971516, 51.174431714],
            [3.831975165, 51.174550754],
            [3.831989927, 51.174870639],
            [3.832014759, 51.174955341],
            [3.832058453, 51.175003048],
            [3.832089549, 51.175024047],
            [3.832194604, 51.175025682],
            [3.832334699, 51.174993671],
            [3.832402173, 51.174978254],
            [3.832403456, 51.174977979],
            [3.832405995, 51.175001934],
            [3.832412981, 51.175067841],
            [3.832471544, 51.175581073],
            [3.832546374, 51.176143824],
            [3.832581898, 51.176433598],
            [3.83260405, 51.176613879],
            [3.832628512, 51.176731025],
            [3.834032096, 51.17651094],
            [3.83486482, 51.176380357],
            [3.834941607, 51.176368315],
            [3.834943734, 51.176374792],
            [3.835089273, 51.176818047],
            [3.834993257, 51.176844066],
            [3.834992893, 51.176844165],
            [3.834597584, 51.176951288],
            [3.834065058, 51.177095592],
            [3.834056676, 51.177097863],
            [3.834144019, 51.177358979],
            [3.834241603, 51.177649569],
            [3.834488193, 51.178471726],
            [3.834488905, 51.178474103],
            [3.834413297, 51.178473761],
            [3.834321153, 51.178473345],
            [3.834321749, 51.17847625],
            [3.834392974, 51.178823259],
            [3.834413702, 51.178924519],
            [3.83443902, 51.17907828],
            [3.834481028, 51.179288222],
            [3.834482278, 51.179294475],
            [3.834542957, 51.179438613],
            [3.834551309, 51.179451775],
            [3.83462758, 51.179573389],
            [3.834635577, 51.179586139],
            [3.834675012, 51.179644316],
            [3.834789794, 51.179821378],
            [3.834838353, 51.179896286],
            [3.834861157, 51.179931464],
            [3.834909142, 51.180005485],
            [3.836394409, 51.182260601],
            [3.836397996, 51.182266047],
            [3.835664799, 51.182618389],
            [3.83565272, 51.182624312],
            [3.835233735, 51.182499645],
            [3.834097343, 51.182161507],
            [3.833525019, 51.181991204],
            [3.833188573, 51.181891175],
            [3.833171532, 51.181886108],
            [3.833173244, 51.18228102],
            [3.83317579, 51.182868237],
            [3.833136055, 51.183854416],
            [3.833135597, 51.183865802],
            [3.833110459, 51.183877753],
            [3.832796493, 51.184027026],
            [3.832795567, 51.184027471],
            [3.832769558, 51.18403998],
            [3.832698869, 51.184073976],
            [3.832403143, 51.184216202],
            [3.83190489, 51.184455824],
            [3.831715768, 51.18454364],
            [3.830594036, 51.185064483],
            [3.83039488, 51.185156884],
            [3.830392958, 51.185157776],
            [3.83027434, 51.18521281],
            [3.830271473, 51.185210126],
            [3.830270093, 51.185208835],
            [3.829880714, 51.185398793],
            [3.827948057, 51.186320496],
            [3.827485013, 51.186248741],
            [3.826169826, 51.186040376],
            [3.826167844, 51.186044616],
            [3.825794858, 51.185987566],
            [3.825573359, 51.185952664],
            [3.824380737, 51.185766417],
            [3.822500547, 51.185468129],
            [3.821157813, 51.185255151],
            [3.819893885, 51.185055066],
            [3.819680834, 51.185021972],
            [3.819233884, 51.184952546],
            [3.818945258, 51.18490771],
            [3.816583033, 51.184537917],
            [3.816128336, 51.18446711],
            [3.816072222, 51.184458372],
            [3.816072155, 51.184458362],
            [3.815550094, 51.184377061],
            [3.814987436, 51.184289436],
            [3.814986397, 51.184292273],
            [3.814980398, 51.184308664],
            [3.814702914, 51.184265419],
            [3.813945623, 51.184142028],
            [3.813238865, 51.18402874],
            [3.812497183, 51.183909852],
            [3.811882665, 51.183811342],
            [3.81097025, 51.183665072],
            [3.810787497, 51.183635773],
            [3.810654117, 51.18361439],
            [3.809872083, 51.183489013],
            [3.809829714, 51.183482214],
            [3.809829631, 51.183482201],
            [3.809812497, 51.183479452],
            [3.809805132, 51.183478266],
            [3.809491988, 51.183428888],
            [3.808592016, 51.183286974],
            [3.807731548, 51.183151281],
            [3.807148612, 51.183059349],
            [3.806952412, 51.183028407],
            [3.806944355, 51.183028903],
            [3.806873191, 51.183017491],
            [3.80688051, 51.183017069],
            [3.806494559, 51.182956199],
            [3.806299793, 51.182925341],
            [3.806299936, 51.182925568],
            [3.806261803, 51.182919453],
            [3.806261711, 51.182919308],
            [3.806193768, 51.182908542],
            [3.806193597, 51.182908515],
            [3.806075896, 51.182889867],
            [3.80587836, 51.182858569],
            [3.805523398, 51.182802899],
            [3.805108283, 51.182737],
            [3.805108166, 51.182736981],
            [3.803629407, 51.182502216],
            [3.800621884, 51.182008763],
            [3.801984697, 51.186196821],
            [3.802019179, 51.18630278],
            [3.800547852, 51.186978276],
            [3.800528339, 51.186987505],
            [3.800242954, 51.187122483],
            [3.80003992, 51.187228889],
            [3.79987443, 51.187341658],
            [3.799485105, 51.18769032],
            [3.799296358, 51.187892104],
            [3.799237549, 51.187954974],
            [3.799165745, 51.18803804],
            [3.799104606, 51.188112353],
            [3.799025806, 51.188220333],
            [3.798842335, 51.188527378],
            [3.798796065, 51.188624457],
            [3.798780873, 51.188660959],
            [3.798766756, 51.18870073],
            [3.798710616, 51.188879076],
            [3.798710314, 51.188880034],
            [3.798700036, 51.188866891],
            [3.798696477, 51.188862339],
            [3.798349601, 51.188418709],
            [3.7982965, 51.188391662],
            [3.798293034, 51.188389897],
            [3.797454097, 51.187515634],
            [3.797085799, 51.187106462],
            [3.797075567, 51.187095094],
            [3.796730792, 51.187157581],
            [3.796626787, 51.187029563],
            [3.79545918, 51.185599723],
            [3.795048307, 51.185095524],
            [3.794896098, 51.184906255],
            [3.794864429, 51.184866875],
            [3.794791387, 51.184776047],
            [3.794025026, 51.183823058],
            [3.793879006, 51.183646858],
            [3.793876959, 51.183644389],
            [3.793610809, 51.183323228],
            [3.793606981, 51.183318609],
            [3.793571576, 51.183275885],
            [3.793556171, 51.183257296],
            [3.793548414, 51.183259404],
            [3.793490702, 51.183275088],
            [3.793481373, 51.183277624],
            [3.79343683, 51.183289608],
            [3.792073172, 51.183656519],
            [3.791985347, 51.183547976],
            [3.791980356, 51.183541809],
            [3.791861276, 51.183395954],
            [3.791764805, 51.18327779],
            [3.791748288, 51.18325756],
            [3.791673977, 51.183166538],
            [3.7916631, 51.183153215],
            [3.791615928, 51.183095435],
            [3.791570966, 51.183040361],
            [3.791699951, 51.182996127],
            [3.792099287, 51.182859175],
            [3.792099497, 51.182859102],
            [3.792099652, 51.182859049],
            [3.792095152, 51.182852996],
            [3.791996041, 51.182719701],
            [3.791928741, 51.18263899],
            [3.791732655, 51.182403824],
            [3.791597757, 51.182242038],
            [3.791610642, 51.182224593],
            [3.791728645, 51.182170786],
            [3.791934002, 51.182077146],
            [3.791944575, 51.182072923],
            [3.792004859, 51.182048402],
            [3.792075259, 51.182016502],
            [3.792404976, 51.181867097],
            [3.792416161, 51.181862029],
            [3.792166021, 51.181570333],
            [3.792158574, 51.181561649],
            [3.791992474, 51.181367952],
            [3.791981538, 51.181355198],
            [3.791959377, 51.181329194],
            [3.791911715, 51.181273178],
            [3.791896501, 51.181255568],
            [3.79183736, 51.181187113],
            [3.791587833, 51.180898286],
            [3.791486128, 51.180773802],
            [3.791429365, 51.180742238],
            [3.791431767, 51.180697059],
            [3.791432978, 51.180674288],
            [3.790975951, 51.180538681],
            [3.790847926, 51.180500694],
            [3.790787451, 51.180484345],
            [3.790630189, 51.180441832],
            [3.790305953, 51.180354179],
            [3.790229319, 51.180333461],
            [3.790190919, 51.180384228],
            [3.790189889, 51.180385591],
            [3.790067603, 51.180358617],
            [3.790148646, 51.180235878],
            [3.790197183, 51.180162369],
            [3.790316854, 51.179981126],
            [3.790318425, 51.179978747],
            [3.790348822, 51.179932711],
            [3.790443437, 51.179789413],
            [3.790529172, 51.179659565],
            [3.790544246, 51.179636735],
            [3.79055275, 51.179624163],
            [3.790855913, 51.179176017],
            [3.790861318, 51.179168027],
            [3.79096766, 51.179010828],
            [3.791262546, 51.178601485],
            [3.791437797, 51.178358208],
            [3.791639227, 51.178057821],
            [3.791682457, 51.177994175],
            [3.791682533, 51.177993241],
            [3.791684151, 51.17797334],
            [3.791685236, 51.177959996],
            [3.791685391, 51.177958091],
            [3.791684786, 51.177956596],
            [3.791666712, 51.177911977],
            [3.79163827, 51.177833105],
            [3.791643373, 51.177771925],
            [3.791834124, 51.177596205],
            [3.791945948, 51.177493191],
            [3.791952836, 51.177486846],
            [3.79211888, 51.177338377],
            [3.792255617, 51.177200522],
            [3.792260484, 51.177195616],
            [3.792292103, 51.177165432],
            [3.7923171, 51.177140383],
            [3.792397106, 51.177060209],
            [3.792423247, 51.177026619],
            [3.792424746, 51.177008516],
            [3.792425534, 51.176998985],
            [3.792427499, 51.176975234],
            [3.792420627, 51.176952901],
            [3.792410965, 51.176921506],
            [3.792408848, 51.176914627],
            [3.792397495, 51.176877733],
            [3.792407926, 51.176873266],
            [3.792408772, 51.176872904],
            [3.792513669, 51.176827986],
            [3.792525918, 51.176822741],
            [3.792610977, 51.176786317],
            [3.792624288, 51.176780733],
            [3.792677206, 51.176759182],
            [3.792450934, 51.176548712],
            [3.791625716, 51.175812522],
            [3.791297915, 51.175606849],
            [3.790801668, 51.175300486],
            [3.790525775, 51.175015711],
            [3.790190535, 51.17450957],
            [3.790055796, 51.174306139],
            [3.790054156, 51.174182265],
            [3.790050863, 51.173933647],
            [3.789929098, 51.173501153],
            [3.789912179, 51.173156692],
            [3.79005029, 51.172757814],
            [3.790127718, 51.172615495],
            [3.790596568, 51.171984852],
            [3.790546353, 51.171962526],
            [3.790498842, 51.171941403],
            [3.788973472, 51.171263177],
            [3.788821242, 51.171180048],
            [3.788667215, 51.171128497],
            [3.788494358, 51.171104583],
            [3.788126507, 51.171087233],
            [3.78784785, 51.171074262],
            [3.787124988, 51.170918402],
            [3.786764243, 51.170840617],
            [3.786314319, 51.170758491],
            [3.785744364, 51.170593957],
            [3.785506079, 51.170564325],
            [3.785429721, 51.170554829],
            [3.784485312, 51.170233852],
            [3.784412763, 51.170196538],
            [3.784219183, 51.170096974],
            [3.78393336, 51.169901491],
            [3.78378282, 51.169741074],
            [3.783764283, 51.16970804],
            [3.783560683, 51.169345232],
            [3.783506449, 51.169254563],
            [3.783454499, 51.169195035],
            [3.783377419, 51.169136198],
            [3.783248031, 51.169046371],
            [3.783155875, 51.168995318],
            [3.783120674, 51.168975818],
            [3.78299075, 51.168928798],
            [3.782818903, 51.168893241],
            [3.782804219, 51.168890203],
            [3.781777479, 51.168650935],
            [3.780415686, 51.168352874],
            [3.779495556, 51.168144776],
            [3.77892332, 51.168091926],
            [3.778276522, 51.168078446],
            [3.777922846, 51.168076442],
            [3.777730984, 51.168081905],
            [3.777560005, 51.168091776],
            [3.776968929, 51.168125897],
            [3.776767251, 51.168168648],
            [3.772964537, 51.168238734],
            [3.772596068, 51.168210122],
            [3.772218636, 51.168142814],
            [3.771860802, 51.168022093],
            [3.771334423, 51.167769712],
            [3.770851872, 51.167492666],
            [3.770609759, 51.167391614],
            [3.769855737, 51.167192776],
            [3.767734435, 51.166540424],
            [3.767436949, 51.166448937],
            [3.766972203, 51.166305444],
            [3.766400281, 51.166136018],
            [3.765824879, 51.166188824],
            [3.765751072, 51.166195401],
            [3.765341732, 51.166209534],
            [3.765181473, 51.166202923],
            [3.765090885, 51.166193095],
            [3.765058162, 51.166189546],
            [3.76495346, 51.16616236],
            [3.7648856, 51.166136521],
            [3.764799641, 51.166085095],
            [3.764777796, 51.166064126],
            [3.764662732, 51.165948256],
            [3.764566955, 51.165851805],
            [3.764491907, 51.165655991],
            [3.76447925, 51.165622964],
            [3.764466849, 51.165588411],
            [3.764442737, 51.165521223],
            [3.76441467, 51.165497772],
            [3.764289364, 51.165396929],
            [3.764277717, 51.165387556],
            [3.764275257, 51.165385672],
            [3.764271248, 51.165382601],
            [3.764220774, 51.165343945],
            [3.764172448, 51.165306934],
            [3.764169448, 51.165304637],
            [3.764163475, 51.165299877],
            [3.764042696, 51.165203654],
            [3.763781375, 51.164995458],
            [3.763639311, 51.164883964],
            [3.763614507, 51.164864496],
            [3.763518101, 51.164741092],
            [3.763523441, 51.164691747],
            [3.763526021, 51.164667889],
            [3.763584224, 51.16452785],
            [3.763748126, 51.16413349],
            [3.764623935, 51.164217587],
            [3.765070503, 51.164260464],
            [3.765043145, 51.164076119],
            [3.765004932, 51.163818636],
            [3.765004837, 51.163818002],
            [3.764900231, 51.163810058],
            [3.764735254, 51.16379753],
            [3.763825603, 51.163728444],
            [3.763828566, 51.163722256],
            [3.763979028, 51.163407897],
            [3.763979408, 51.163407102],
            [3.764250587, 51.162840519],
            [3.764291779, 51.162754453],
            [3.764357459, 51.162590819],
            [3.764391093, 51.162496925],
            [3.764389272, 51.162327935],
            [3.764354664, 51.162080838],
            [3.764197148, 51.160867176],
            [3.764125307, 51.160554017],
            [3.764104893, 51.160465025],
            [3.764080527, 51.160358806],
            [3.764079593, 51.160354738],
            [3.764072599, 51.160269044],
            [3.764068698, 51.1602332],
            [3.76400663, 51.160240092],
            [3.763927497, 51.160248878],
            [3.763918038, 51.160249928],
            [3.76383501, 51.16025912],
            [3.76334167, 51.160313737],
            [3.762826171, 51.16038951],
            [3.762557087, 51.160424044],
            [3.76254761, 51.16042526],
            [3.762638709, 51.159833038],
            [3.762677348, 51.159581854],
            [3.763131763, 51.158857914],
            [3.763139935, 51.15868195],
            [3.763160005, 51.158249788],
            [3.763161643, 51.158214555],
            [3.763173743, 51.157954003],
            [3.763171567, 51.157953601],
            [3.763171487, 51.157953587],
            [3.762335697, 51.15780654],
            [3.762262546, 51.157793669],
            [3.761864608, 51.156750527],
            [3.761824926, 51.156646501],
            [3.761257959, 51.15510071],
            [3.761257941, 51.155100661],
            [3.761257652, 51.155099873],
            [3.761257557, 51.155099613],
            [3.761253737, 51.155087459],
            [3.761233355, 51.155027253],
            [3.761228746, 51.155013639],
            [3.761218614, 51.154983705],
            [3.761204359, 51.154941588],
            [3.761002224, 51.154459391],
            [3.760250263, 51.153958003],
            [3.760231034, 51.153948344],
            [3.760185811, 51.153867754],
            [3.760163823, 51.153828568],
            [3.760136665, 51.153858772],
            [3.760110548, 51.153887818],
            [3.759993733, 51.153858342],
            [3.759938985, 51.15384886],
            [3.759723208, 51.15380571],
            [3.759687561, 51.153798582],
            [3.759679356, 51.153796941],
            [3.759159566, 51.153692989],
            [3.760297337, 51.152142757],
            [3.760357504, 51.152060775],
            [3.760453758, 51.151929621],
            [3.76044905, 51.151927747],
            [3.760069604, 51.151776704],
            [3.759873928, 51.151755745],
            [3.759608389, 51.151656273],
            [3.759464607, 51.151600748],
            [3.759293115, 51.151523496],
            [3.759292748, 51.151523332],
            [3.759199331, 51.15148125],
            [3.758781686, 51.151256762],
            [3.75841476, 51.1510287],
            [3.758346932, 51.150986533],
            [3.758227652, 51.150912381],
            [3.758281308, 51.150883562],
            [3.758620275, 51.150701477],
            [3.758378789, 51.150555997],
            [3.75841232, 51.150541012],
            [3.7584125, 51.150540931],
            [3.758450775, 51.150523821],
            [3.759274802, 51.150155453],
            [3.759654772, 51.149985591],
            [3.759632336, 51.149976389],
            [3.759502852, 51.149923283],
            [3.759104037, 51.149759736],
            [3.758413016, 51.149926966],
            [3.758198444, 51.149655774],
            [3.758042767, 51.149435283],
            [3.757840446, 51.149148723],
            [3.757841024, 51.149148507],
            [3.757854886, 51.149143327],
            [3.758747878, 51.14880924],
            [3.758990878, 51.148718326],
            [3.759122156, 51.148669211],
            [3.759117415, 51.148666568],
            [3.758533985, 51.148341203],
            [3.758502928, 51.14832282],
            [3.75810266, 51.148085896],
            [3.757935983, 51.147987236],
            [3.757719565, 51.147859145],
            [3.757738785, 51.147849137],
            [3.758161534, 51.147628996],
            [3.758168656, 51.147625287],
            [3.758347458, 51.147532177],
            [3.758022026, 51.147362632],
            [3.757846381, 51.14727838],
            [3.757712543, 51.147212304],
            [3.757657298, 51.147185029],
            [3.757579962, 51.147155988],
            [3.757546034, 51.147144232],
            [3.757485744, 51.147127623],
            [3.757542512, 51.147078863],
            [3.757611611, 51.14701951],
            [3.757832365, 51.14682989],
            [3.757820018, 51.146826392],
            [3.756850637, 51.146551817],
            [3.756514674, 51.146456654],
            [3.756611173, 51.14635728],
            [3.756647521, 51.146319849],
            [3.756647587, 51.14631978],
            [3.756718237, 51.146245584],
            [3.756740289, 51.146222423],
            [3.756825459, 51.146134236],
            [3.756828351, 51.146133625],
            [3.756894949, 51.146151361],
            [3.757061053, 51.146195595],
            [3.757061121, 51.146195511],
            [3.757172119, 51.146059424],
            [3.75722123, 51.145999213],
            [3.757221285, 51.145999144],
            [3.757390962, 51.145791112],
            [3.757388705, 51.145790498],
            [3.756837482, 51.145640575],
            [3.756469146, 51.145540392],
            [3.756471326, 51.145537312],
            [3.757027329, 51.144751578],
            [3.757048093, 51.144722235],
            [3.757081456, 51.144675084],
            [3.757114688, 51.144628115],
            [3.757238671, 51.144452889],
            [3.755904722, 51.14407767],
            [3.755530316, 51.143972351],
            [3.75555423, 51.143950619],
            [3.75561068, 51.143899319],
            [3.755630585, 51.143881239],
            [3.755670481, 51.143844979],
            [3.755696212, 51.143821592],
            [3.755733014, 51.143788647],
            [3.755792801, 51.143782876],
            [3.755878429, 51.143779273],
            [3.755920311, 51.14377751],
            [3.756029984, 51.143777886],
            [3.756093767, 51.143782238],
            [3.756167746, 51.143793906],
            [3.756170106, 51.143794278],
            [3.756363701, 51.143846861],
            [3.756507037, 51.143891059],
            [3.756805446, 51.143974403],
            [3.756860458, 51.143990576],
            [3.757126772, 51.144068868],
            [3.757640117, 51.144210814],
            [3.757657695, 51.144215675],
            [3.757964736, 51.144305576],
            [3.75819162, 51.144375446],
            [3.758478025, 51.144474015],
            [3.758617955, 51.144522173],
            [3.759060571, 51.144683009],
            [3.75921496, 51.144736257],
            [3.759321945, 51.144773156],
            [3.759564666, 51.144867275],
            [3.759689719, 51.144919511],
            [3.759800465, 51.144965769],
            [3.759957611, 51.145020813],
            [3.760008543, 51.145038653],
            [3.760114634, 51.145087365],
            [3.760155841, 51.145104335],
            [3.760316268, 51.145170398],
            [3.760340231, 51.145180265],
            [3.760553109, 51.145275846],
            [3.760878573, 51.145410249],
            [3.760929495, 51.145432749],
            [3.761160721, 51.145534913],
            [3.761527884, 51.145690647],
            [3.761693852, 51.145761042],
            [3.761766781, 51.145791975],
            [3.762225101, 51.145993179],
            [3.76230704, 51.146025754],
            [3.762372049, 51.146043839],
            [3.762393544, 51.14604671],
            [3.762432373, 51.146046594],
            [3.762464276, 51.146040549],
            [3.762493933, 51.146028844],
            [3.762525223, 51.146008151],
            [3.762581256, 51.145955269],
            [3.762595252, 51.14594206],
            [3.762656393, 51.145891402],
            [3.762717184, 51.145847801],
            [3.76279049, 51.145800825],
            [3.762849545, 51.145767706],
            [3.762913528, 51.145738002],
            [3.762972232, 51.145715534],
            [3.763001989, 51.145706783],
            [3.763041627, 51.145695127],
            [3.763247291, 51.145661045],
            [3.763309136, 51.145645001],
            [3.763457831, 51.14559993],
            [3.763601702, 51.14556704],
            [3.76368684, 51.145552619],
            [3.763807948, 51.14553901],
            [3.763896588, 51.145536292],
            [3.764057648, 51.14554582],
            [3.764348906, 51.145576638],
            [3.764585345, 51.145603748],
            [3.764801962, 51.145632493],
            [3.764879927, 51.145640745],
            [3.764977178, 51.145651037],
            [3.765151805, 51.145673668],
            [3.765366431, 51.145697302],
            [3.76550403, 51.145718239],
            [3.765709821, 51.145761521],
            [3.765709962, 51.145761559],
            [3.765770207, 51.145778546],
            [3.765826548, 51.145797724],
            [3.76587562, 51.145817076],
            [3.76592701, 51.145841643],
            [3.765976365, 51.145870251],
            [3.766026268, 51.145904321],
            [3.766076135, 51.145938366],
            [3.766169465, 51.145997829],
            [3.766212138, 51.1460203],
            [3.766261556, 51.146039474],
            [3.766360373, 51.14606813],
            [3.766586894, 51.146125182],
            [3.766716679, 51.146154956],
            [3.766871992, 51.146187305],
            [3.766892096, 51.146191492],
            [3.766944123, 51.146204401],
            [3.766951206, 51.146209908],
            [3.766998604, 51.146246756],
            [3.767022195, 51.146264714],
            [3.767075942, 51.146286746],
            [3.767112056, 51.146290344],
            [3.767152376, 51.146285592],
            [3.767196029, 51.146280665],
            [3.767234161, 51.14627636],
            [3.767292024, 51.146290716],
            [3.767485531, 51.146335466],
            [3.767569236, 51.146348756],
            [3.767707353, 51.146370685],
            [3.768538537, 51.146488021],
            [3.76870998, 51.146515157],
            [3.76874144, 51.146520137],
            [3.768895669, 51.146539985],
            [3.769338845, 51.146605062],
            [3.769351513, 51.146605913],
            [3.769618838, 51.146641747],
            [3.769661678, 51.146645653],
            [3.769702501, 51.146646367],
            [3.769738814, 51.146643402],
            [3.769773466, 51.146637211],
            [3.769846113, 51.146616581],
            [3.770027553, 51.146557983],
            [3.770319815, 51.146471358],
            [3.770419717, 51.146448773],
            [3.770499636, 51.146439809],
            [3.770549314, 51.146441292],
            [3.770612228, 51.146447006],
            [3.770870958, 51.146477515],
            [3.771256556, 51.14651933],
            [3.771343492, 51.146528757],
            [3.771480027, 51.146539564],
            [3.771652529, 51.146548167],
            [3.771785093, 51.146559288],
            [3.772210169, 51.146582918],
            [3.772632816, 51.146613801],
            [3.772737969, 51.146617951],
            [3.772801113, 51.146615631],
            [3.772859928, 51.146605966],
            [3.772966654, 51.1465776],
            [3.772976878, 51.146574882],
            [3.77299382, 51.146579191],
            [3.77310751, 51.146608107],
            [3.773250924, 51.146638016],
            [3.773326083, 51.146658182],
            [3.773396096, 51.146682182],
            [3.773481778, 51.14671774],
            [3.773492014, 51.146723202],
            [3.773537813, 51.146747645],
            [3.773590918, 51.146783906],
            [3.773626781, 51.1468129],
            [3.773720193, 51.146901201],
            [3.773752699, 51.146925935],
            [3.773808351, 51.146959529],
            [3.773851676, 51.146978635],
            [3.773872116, 51.146987649],
            [3.773915801, 51.147000421],
            [3.773970747, 51.147010478],
            [3.774359656, 51.147050533],
            [3.774465549, 51.147065197],
            [3.774681733, 51.147101385],
            [3.774733936, 51.147113583],
            [3.774760741, 51.147119846],
            [3.774762347, 51.147120222],
            [3.774827899, 51.147140719],
            [3.774892063, 51.147167298],
            [3.774964477, 51.147210389],
            [3.774970228, 51.147214234],
            [3.775088146, 51.147293068],
            [3.775152021, 51.147329865],
            [3.775231928, 51.147367951],
            [3.775318736, 51.147397873],
            [3.775410004, 51.147418421],
            [3.775539569, 51.147439592],
            [3.775817903, 51.147481127],
            [3.775848331, 51.147484897],
            [3.776010208, 51.147504951],
            [3.7760386, 51.147507959],
            [3.776289199, 51.147534508],
            [3.776416266, 51.147542449],
            [3.776600026, 51.147557775],
            [3.776765645, 51.147568339],
            [3.776942008, 51.147579588],
            [3.776945353, 51.147576701],
            [3.776948034, 51.147574387],
            [3.776978709, 51.147547903],
            [3.776986596, 51.147442519],
            [3.776945764, 51.147379062],
            [3.775534903, 51.145186294],
            [3.775108968, 51.144492295],
            [3.774123906, 51.143011332],
            [3.772920386, 51.141114778],
            [3.771157499, 51.138479556],
            [3.770241827, 51.137091331],
            [3.77018834, 51.137008262],
            [3.77018963, 51.136699562],
            [3.770190507, 51.136698184],
            [3.770189269, 51.136696315],
            [3.768640551, 51.134356207],
            [3.768213186, 51.133788836],
            [3.767997007, 51.133549903],
            [3.767781288, 51.133312711],
            [3.767771648, 51.133302112],
            [3.766816946, 51.132536883],
            [3.765294382, 51.131277121],
            [3.765247776, 51.131229826],
            [3.764507599, 51.13063081],
            [3.763217695, 51.129538218],
            [3.762895101, 51.129275182],
            [3.761383501, 51.128036628],
            [3.760820866, 51.127559142],
            [3.75879106, 51.125905937],
            [3.753247423, 51.121330513],
            [3.75179025, 51.120208652],
            [3.750797277, 51.119567251],
            [3.749832241, 51.118958691],
            [3.749190537, 51.118548033],
            [3.746822623, 51.117230463],
            [3.744067036, 51.115595662],
            [3.743917986, 51.115505684],
            [3.746905085, 51.113247084],
            [3.742919234, 51.110064823],
            [3.739364429, 51.107121666],
            [3.737641744, 51.105339652],
            [3.735069419, 51.101944284],
            [3.733441765, 51.099687134],
            [3.732659105, 51.098300841],
            [3.729672542, 51.092013803],
            [3.72790251, 51.089212651],
            [3.732238315, 51.088088732],
            [3.732452682, 51.08697776],
            [3.729765947, 51.087099486],
            [3.730731058, 51.083907091],
            [3.731336208, 51.080611614],
            [3.73158032, 51.079444056],
            [3.733709623, 51.079551888],
            [3.734422845, 51.075229394],
            [3.734116885, 51.073449151],
            [3.735059582, 51.073460258],
            [3.736764471, 51.073352543],
            [3.738481468, 51.073065224],
            [3.740045523, 51.072502474],
            [3.741408666, 51.071781745],
            [3.742062936, 51.071053164],
            [3.742384814, 51.070072943],
            [3.742323591, 51.069233391],
            [3.741857078, 51.068411772],
            [3.739762895, 51.063858118],
            [3.73958469, 51.063027911],
            [3.740332156, 51.06010576],
            [3.740267356, 51.058863635],
            [3.740753449, 51.058556517],
            [3.740850445, 51.059700493],
            [3.74106491, 51.060786101],
            [3.741493966, 51.061460329],
            [3.742088004, 51.062007616],
            [3.742956944, 51.062325307],
            [3.742936908, 51.062757246],
            [3.745682722, 51.064998299],
            [3.745856266, 51.065139953],
            [3.746008395, 51.065484173],
            [3.745719814, 51.067019243],
            [3.747407752, 51.06799308],
            [3.747377329, 51.068101914],
            [3.747165066, 51.068860805],
            [3.746775666, 51.069595446],
            [3.74586254, 51.070509494],
            [3.745148074, 51.071787523],
            [3.744685063, 51.072855632],
            [3.744832314, 51.073675832],
            [3.745447245, 51.074468586],
            [3.746359368, 51.075154613],
            [3.746167894, 51.075595618],
            [3.746020418, 51.075795973],
            [3.746234842, 51.076505143],
            [3.746856189, 51.077247498],
            [3.748032026, 51.078010747],
            [3.74950461, 51.078779333],
            [3.751358612, 51.080539547],
            [3.753187575, 51.082255778],
            [3.754598773, 51.084057169],
            [3.755528455, 51.085708562],
            [3.756148017, 51.087408901],
            [3.7563524, 51.089267903],
            [3.756201228, 51.091412571],
            [3.756025385, 51.092314363],
            [3.755747269, 51.095115137],
            [3.755947069, 51.097504468],
            [3.756351744, 51.099496109],
            [3.756935559, 51.101566628],
            [3.756533002, 51.101592772],
            [3.755229338, 51.101199334],
            [3.754329172, 51.102383179],
            [3.753886061, 51.102439021],
            [3.752810591, 51.10229282],
            [3.752116421, 51.10355722],
            [3.75322174, 51.103870021],
            [3.752635381, 51.104680335],
            [3.755209764, 51.105423682],
            [3.756072987, 51.105735198],
            [3.759205465, 51.104714436],
            [3.760774809, 51.106957716],
            [3.762921641, 51.109389057],
            [3.767322963, 51.110094583],
            [3.768902057, 51.110124807],
            [3.769322081, 51.109872578],
            [3.772088121, 51.109687984],
            [3.77260359, 51.108868792],
            [3.777801727, 51.1093653],
            [3.778136859, 51.109753505],
            [3.77875435, 51.109965447],
            [3.779438496, 51.10988122],
            [3.77992916, 51.109436181],
            [3.78112415, 51.109634274],
            [3.780954781, 51.109902401],
            [3.782292816, 51.110162292],
            [3.782692831, 51.10959558],
            [3.785393157, 51.110139584],
            [3.785314665, 51.110332601],
            [3.786664722, 51.110498819],
            [3.786887754, 51.110003695],
            [3.788724708, 51.109832951],
            [3.789233265, 51.10985469],
            [3.789199168, 51.110184729],
            [3.79016537, 51.110322336],
            [3.790302086, 51.110020188],
            [3.790821775, 51.110125404],
            [3.790823952, 51.110789199],
            [3.791570054, 51.110890884],
            [3.79165361, 51.110628925],
            [3.792736418, 51.110548394],
            [3.79348696, 51.110969621],
            [3.794164319, 51.110910136],
            [3.79400611, 51.11065683],
            [3.794576331, 51.110254677],
            [3.795702552, 51.110891345],
            [3.796038032, 51.110881315],
            [3.796575972, 51.111256686],
            [3.797648841, 51.111323679],
            [3.797732963, 51.111076606],
            [3.799960958, 51.111317701],
            [3.801173716, 51.111367779],
            [3.80145766, 51.111205556],
            [3.801901969, 51.111513704],
            [3.801957477, 51.111551347],
            [3.802400302, 51.111851637],
            [3.802647359, 51.112002929],
            [3.802973445, 51.112202616],
            [3.803088607, 51.112273136],
            [3.803102924, 51.112280494],
            [3.803175564, 51.112317829],
            [3.803280944, 51.112373942],
            [3.804281768, 51.112906858],
            [3.804493569, 51.113019635],
            [3.805270154, 51.113369837],
            [3.80539288, 51.113425179],
            [3.805513786, 51.113462886],
            [3.805615224, 51.113482972],
            [3.805812326, 51.11351675],
            [3.805864588, 51.113525595],
            [3.806430144, 51.113635345],
            [3.806493314, 51.11364771],
            [3.806706081, 51.113689355],
            [3.806738996, 51.113695798],
            [3.807317398, 51.113809008],
            [3.807400516, 51.113825276],
            [3.808407058, 51.114099233],
            [3.808665049, 51.114184772],
            [3.808842276, 51.114265949],
            [3.808838311, 51.114269703],
            [3.808752765, 51.114350701],
            [3.808765873, 51.114384587],
            [3.808769919, 51.114395049],
            [3.808780606, 51.114422678],
            [3.808649721, 51.114535861],
            [3.808412921, 51.114762834],
            [3.808142701, 51.114976721],
            [3.808008282, 51.115086621],
            [3.807848078, 51.115216201],
            [3.807728578, 51.115290781],
            [3.807552493, 51.115376176],
            [3.807400959, 51.115451863],
            [3.80699944, 51.115681285],
            [3.806874, 51.115813834],
            [3.806798722, 51.115930683],
            [3.806885769, 51.115994228],
            [3.807406516, 51.116169383],
            [3.807829208, 51.116359829],
            [3.808157828, 51.116522894],
            [3.80824337, 51.116567232],
            [3.808302375, 51.116610606],
            [3.808375675, 51.116664488],
            [3.80842408, 51.116744155],
            [3.808523072, 51.116964775],
            [3.808551125, 51.117021596],
            [3.808617456, 51.117162471],
            [3.808693104, 51.117282698],
            [3.808721072, 51.117319967],
            [3.808901454, 51.117492029],
            [3.808930697, 51.117511432],
            [3.808974449, 51.11753392],
            [3.809118925, 51.117608176],
            [3.809557669, 51.117830027],
            [3.809646119, 51.117876926],
            [3.809749974, 51.117917169],
            [3.809784985, 51.117930736],
            [3.809814592, 51.117939139],
            [3.810120348, 51.118025927],
            [3.810500255, 51.118136515],
            [3.810993991, 51.118276554],
            [3.81133869, 51.118518795],
            [3.811815439, 51.118882413],
            [3.811816898, 51.118883526],
            [3.812448335, 51.119357737],
            [3.812461937, 51.119368384],
            [3.812730986, 51.119578987],
            [3.812757538, 51.11959977],
            [3.812825797, 51.119653199],
            [3.812887289, 51.119701162],
            [3.812982115, 51.119775123],
            [3.812989312, 51.119780737],
            [3.813591935, 51.120250755],
            [3.813623356, 51.120275263],
            [3.813666984, 51.120302267],
            [3.813870136, 51.120379328],
            [3.814267521, 51.120504068],
            [3.814287083, 51.120510209],
            [3.814328186, 51.120523111],
            [3.814403553, 51.120546498],
            [3.814417539, 51.120550838],
            [3.8144176, 51.120550858],
            [3.814707107, 51.120640692],
            [3.814798613, 51.120669087],
            [3.814866969, 51.120687855],
            [3.814988761, 51.120721294],
            [3.815032155, 51.120733207],
            [3.815067611, 51.120736122],
            [3.815154855, 51.120743295],
            [3.815296646, 51.120736825],
            [3.815406489, 51.120718388],
            [3.815532393, 51.120697256],
            [3.815557215, 51.12069309],
            [3.815871223, 51.120731423],
            [3.816060985, 51.120777081],
            [3.81621868, 51.120815022],
            [3.816352122, 51.12084222],
            [3.81649363, 51.120856121],
            [3.816567624, 51.120855884],
            [3.816594215, 51.120855799],
            [3.816707584, 51.120847976],
            [3.816720194, 51.120847105],
            [3.816832884, 51.120824234],
            [3.816911451, 51.12079137],
            [3.817087247, 51.120830044],
            [3.817607404, 51.120944473],
            [3.817885937, 51.121005747],
            [3.817925464, 51.1210162],
            [3.817906328, 51.121039977],
            [3.817902285, 51.121044999],
            [3.817693029, 51.121268423],
            [3.817682909, 51.121279228],
            [3.817844863, 51.121381384],
            [3.817917226, 51.121427197],
            [3.817865124, 51.121465254],
            [3.817535247, 51.121706204],
            [3.817609117, 51.121734361],
            [3.817857995, 51.121846055],
            [3.819454438, 51.122562498],
            [3.818030031, 51.123724432],
            [3.817861796, 51.123859406],
            [3.817714821, 51.123977322],
            [3.818197675, 51.124168063],
            [3.820470115, 51.124858556],
            [3.821311935, 51.12511796],
            [3.821293427, 51.125134666],
            [3.821292942, 51.125135085],
            [3.821250493, 51.125171709],
            [3.821186242, 51.125227144],
            [3.821091396, 51.125323282],
            [3.820896644, 51.125480557],
            [3.820644132, 51.125654568],
            [3.820641985, 51.125656047],
            [3.820604118, 51.125681627],
            [3.820501961, 51.125750639],
            [3.82039448, 51.125796224],
            [3.820378051, 51.125803192],
            [3.819988631, 51.126018286],
            [3.819556851, 51.126199601],
            [3.819297095, 51.126317884],
            [3.819265938, 51.126336014],
            [3.819014639, 51.126484797],
            [3.818969772, 51.126521856],
            [3.818955574, 51.126533583],
            [3.818937049, 51.126557591],
            [3.818628702, 51.126957196],
            [3.818477523, 51.127152307],
            [3.818337277, 51.127289829],
            [3.818254066, 51.127370659],
            [3.818231465, 51.127392612],
            [3.818159853, 51.127440799],
            [3.81801238, 51.127538139],
            [3.817994496, 51.127549943],
            [3.817980819, 51.12755897],
            [3.817946696, 51.127580078],
            [3.817567439, 51.127814671],
            [3.817150281, 51.128076968],
            [3.817142168, 51.128082267],
            [3.817061207, 51.128135151],
            [3.816991478, 51.128168139],
            [3.816887452, 51.128211623]
          ]
        ]
      }
    },
    {
      "type": "Feature",
      "properties": { "id": "gent-drongen", "name": "Drongen" },
      "geometry": {
        "type": "Polygon",
        "coordinates": [
          [
            [3.640112382, 51.0227673],
            [3.639990073, 51.022663852],
            [3.639835824, 51.022486903],
            [3.639824639, 51.022439926],
            [3.639803415, 51.022351024],
            [3.639840507, 51.022156434],
            [3.639902892, 51.022111585],
            [3.640030602, 51.022019819],
            [3.640387897, 51.021850383],
            [3.640744027, 51.021790638],
            [3.641053373, 51.021790867],
            [3.641313679, 51.021828433],
            [3.641552349, 51.021875132],
            [3.642277034, 51.022019639],
            [3.643198072, 51.022297812],
            [3.643715502, 51.022508311],
            [3.644073233, 51.022763619],
            [3.644300702, 51.022960116],
            [3.644526447, 51.023247063],
            [3.644670463, 51.023612596],
            [3.644661309, 51.02393109],
            [3.644608182, 51.024082604],
            [3.644509978, 51.024262212],
            [3.644456492, 51.024394478],
            [3.644429306, 51.024516496],
            [3.644449806, 51.024632514],
            [3.644592711, 51.02491149],
            [3.644846761, 51.025169075],
            [3.644763623, 51.025222829],
            [3.64566706, 51.026329161],
            [3.645904942, 51.027512732],
            [3.645651166, 51.027980172],
            [3.644979688, 51.028740434],
            [3.64490664, 51.029540185],
            [3.645286122, 51.030691758],
            [3.645351458, 51.032303374],
            [3.645440268, 51.037922026],
            [3.645627702, 51.039447302],
            [3.646012849, 51.040064736],
            [3.646606002, 51.04041362],
            [3.649738727, 51.041224679],
            [3.652453712, 51.041561032],
            [3.654191289, 51.041643352],
            [3.654951385, 51.041452015],
            [3.655222243, 51.040856423],
            [3.654523608, 51.039515723],
            [3.654381822, 51.038922687],
            [3.654741512, 51.038527787],
            [3.655508429, 51.038287329],
            [3.656419403, 51.038286375],
            [3.659791578, 51.038829635],
            [3.660682401, 51.039035003],
            [3.661390571, 51.03949687],
            [3.661576337, 51.039912901],
            [3.6620596, 51.039563668],
            [3.662505368, 51.039100296],
            [3.663367695, 51.038861341],
            [3.664583822, 51.038079512],
            [3.665872004, 51.03798649],
            [3.666179644, 51.037802076],
            [3.666234866, 51.036986618],
            [3.666594808, 51.036522578],
            [3.667429901, 51.036081872],
            [3.668289544, 51.035577398],
            [3.668557277, 51.034655468],
            [3.667975048, 51.033741552],
            [3.667605034, 51.033139027],
            [3.667631754, 51.032573978],
            [3.668032175, 51.032036433],
            [3.669652369, 51.030908894],
            [3.670778103, 51.030342632],
            [3.671417927, 51.030313271],
            [3.67198978, 51.030563441],
            [3.672607394, 51.030470032],
            [3.674644811, 51.029915716],
            [3.675666949, 51.029864845],
            [3.677860488, 51.030093188],
            [3.678299637, 51.030357156],
            [3.678511019, 51.031105919],
            [3.679088139, 51.031886879],
            [3.679710313, 51.031960608],
            [3.680214019, 51.031713814],
            [3.680881359, 51.031070194],
            [3.681444322, 51.030981196],
            [3.682304879, 51.031218811],
            [3.682429351, 51.031632627],
            [3.68155928, 51.03347895],
            [3.681677951, 51.03379441],
            [3.685021392, 51.035029384],
            [3.683987461, 51.03568986],
            [3.682436814, 51.036857466],
            [3.681033772, 51.03844406],
            [3.680195019, 51.03988266],
            [3.67979738, 51.041880048],
            [3.678787561, 51.0456765],
            [3.677771615, 51.04818518],
            [3.676757776, 51.04978945],
            [3.674841794, 51.051656962],
            [3.67272509, 51.053276893],
            [3.672564296, 51.053449691],
            [3.672004268, 51.053973664],
            [3.669371242, 51.055389629],
            [3.666697324, 51.057173854],
            [3.664495811, 51.058802966],
            [3.66231437, 51.060716584],
            [3.660656124, 51.062239038],
            [3.659391161, 51.063513539],
            [3.658943849, 51.064282102],
            [3.658382196, 51.06619513],
            [3.65787927, 51.068363018],
            [3.657593929, 51.071481989],
            [3.657633465, 51.07543316],
            [3.657878776, 51.079092528],
            [3.656173272, 51.080645416],
            [3.655597375, 51.081170895],
            [3.655278869, 51.081456283],
            [3.654186876, 51.082463112],
            [3.654092998, 51.082410414],
            [3.653966056, 51.082339155],
            [3.653695766, 51.082181378],
            [3.652987402, 51.081722115],
            [3.652922399, 51.081684445],
            [3.652853284, 51.08164439],
            [3.652669956, 51.081532008],
            [3.652530418, 51.081438115],
            [3.652410488, 51.08136389],
            [3.652228201, 51.081243521],
            [3.652145606, 51.081182493],
            [3.652088199, 51.081133154],
            [3.652044752, 51.081088238],
            [3.652002217, 51.081034182],
            [3.651977087, 51.08099277],
            [3.651941345, 51.080916543],
            [3.651917326, 51.080854401],
            [3.651913602, 51.080839841],
            [3.651900928, 51.080790309],
            [3.651875662, 51.08066146],
            [3.651859958, 51.080619558],
            [3.651839433, 51.080581589],
            [3.651836016, 51.080575268],
            [3.651802118, 51.080529687],
            [3.65175586, 51.080485331],
            [3.65170728, 51.08044977],
            [3.651650801, 51.080415798],
            [3.651597255, 51.080389937],
            [3.6515535, 51.080372998],
            [3.65149793, 51.080356868],
            [3.651441977, 51.080345856],
            [3.651348359, 51.080333549],
            [3.651079313, 51.080311571],
            [3.651059574, 51.080309589],
            [3.650857677, 51.080289321],
            [3.650787042, 51.08027903],
            [3.650729022, 51.080266578],
            [3.650680273, 51.080250937],
            [3.650602803, 51.080218861],
            [3.6504854, 51.080160487],
            [3.65026641, 51.080042527],
            [3.650146462, 51.079987058],
            [3.650041661, 51.079947941],
            [3.649970746, 51.079929086],
            [3.649884145, 51.079912477],
            [3.649566063, 51.079866742],
            [3.649509794, 51.079856789],
            [3.64938755, 51.079835168],
            [3.649260794, 51.079805458],
            [3.649113192, 51.079756044],
            [3.648982913, 51.079702118],
            [3.648792525, 51.079610455],
            [3.648710797, 51.079574616],
            [3.648540759, 51.079510156],
            [3.648243282, 51.07940859],
            [3.648186566, 51.07938553],
            [3.648139991, 51.079363277],
            [3.648086434, 51.0793308],
            [3.648032445, 51.079284368],
            [3.647986432, 51.079233706],
            [3.647903538, 51.079126951],
            [3.647860823, 51.079077383],
            [3.647809984, 51.079029864],
            [3.647762756, 51.078994589],
            [3.647701692, 51.078958781],
            [3.647688971, 51.07895132],
            [3.647601937, 51.078910214],
            [3.647489247, 51.078867166],
            [3.647367377, 51.078828432],
            [3.647239355, 51.078796064],
            [3.647082734, 51.078767966],
            [3.647011549, 51.078758135],
            [3.646925932, 51.07874975],
            [3.646858156, 51.078750104],
            [3.646807267, 51.078757298],
            [3.646750275, 51.078771308],
            [3.646610413, 51.07882312],
            [3.646541028, 51.078844269],
            [3.646426866, 51.078871143],
            [3.646324602, 51.078889881],
            [3.646202552, 51.078906612],
            [3.646032817, 51.078923534],
            [3.645868089, 51.078932381],
            [3.645687201, 51.078938516],
            [3.64568385, 51.07893863],
            [3.645367777, 51.078965557],
            [3.645320713, 51.078968313],
            [3.645239369, 51.078973078],
            [3.645140284, 51.078974642],
            [3.645117847, 51.078974996],
            [3.645078342, 51.078977678],
            [3.64499757, 51.078992522],
            [3.644859813, 51.079029264],
            [3.644616616, 51.079089896],
            [3.644565096, 51.07910274],
            [3.644544663, 51.079107834],
            [3.644488873, 51.079117683],
            [3.64443225, 51.079120623],
            [3.644348643, 51.079116684],
            [3.644318457, 51.079112838],
            [3.644280179, 51.079107961],
            [3.644021761, 51.079057928],
            [3.643999121, 51.079053544],
            [3.643932215, 51.07904059],
            [3.64384693, 51.079026351],
            [3.643732468, 51.079010909],
            [3.64357184, 51.07898924],
            [3.643192214, 51.07893365],
            [3.642788588, 51.078881126],
            [3.642721477, 51.078870788],
            [3.642575113, 51.078848243],
            [3.642415359, 51.078820591],
            [3.642237592, 51.07879702],
            [3.642168983, 51.078790992],
            [3.642123932, 51.078790469],
            [3.641844996, 51.07879779],
            [3.641815187, 51.078799501],
            [3.641609512, 51.078793909],
            [3.641370559, 51.07876771],
            [3.641158874, 51.078733441],
            [3.641095359, 51.078728329],
            [3.641054157, 51.078732925],
            [3.641047444, 51.078735613],
            [3.641026829, 51.078743871],
            [3.641014823, 51.07875288],
            [3.641010077, 51.078759383],
            [3.640995516, 51.078779331],
            [3.640979982, 51.078829142],
            [3.640967908, 51.078984362],
            [3.640961954, 51.079060892],
            [3.640936904, 51.079300272],
            [3.640879523, 51.07970361],
            [3.640872239, 51.079743183],
            [3.640831885, 51.079962396],
            [3.640791225, 51.080449775],
            [3.640758216, 51.080625766],
            [3.640711458, 51.080916887],
            [3.640699989, 51.081009811],
            [3.64065349, 51.081386513],
            [3.640638001, 51.081467284],
            [3.640619419, 51.081535572],
            [3.64060513, 51.081691613],
            [3.640557888, 51.081947116],
            [3.640518046, 51.082195464],
            [3.640505004, 51.082307959],
            [3.640511141, 51.082489841],
            [3.640510546, 51.082509135],
            [3.640509219, 51.082552069],
            [3.640503544, 51.082583738],
            [3.640497569, 51.082617077],
            [3.64046677, 51.08271301],
            [3.640458426, 51.082759648],
            [3.640462379, 51.082787],
            [3.64048009, 51.08281416],
            [3.640505985, 51.082832145],
            [3.640582458, 51.082868705],
            [3.640613375, 51.082888927],
            [3.640627008, 51.082902498],
            [3.640638397, 51.082913837],
            [3.64065958, 51.082947857],
            [3.640700529, 51.083042342],
            [3.640794371, 51.083284551],
            [3.640799596, 51.083314841],
            [3.640797841, 51.083336844],
            [3.640791667, 51.08334949],
            [3.640787404, 51.083358222],
            [3.64077232, 51.083373148],
            [3.64074274, 51.083390149],
            [3.640696059, 51.083405637],
            [3.640433422, 51.083460096],
            [3.640317955, 51.08348909],
            [3.640257018, 51.083508454],
            [3.640132139, 51.083548136],
            [3.63988595, 51.083632255],
            [3.639444472, 51.083759835],
            [3.63937725, 51.083783301],
            [3.639265512, 51.083822309],
            [3.638910772, 51.083967348],
            [3.638815114, 51.084002918],
            [3.638753399, 51.084022184],
            [3.638699492, 51.084034316],
            [3.63864532, 51.084042408],
            [3.638311092, 51.084075341],
            [3.638258189, 51.084082625],
            [3.638127352, 51.084100637],
            [3.638070982, 51.084108397],
            [3.638025129, 51.084120581],
            [3.637989596, 51.084139887],
            [3.637967954, 51.084151644],
            [3.637965543, 51.084152954],
            [3.637943187, 51.08416136],
            [3.637899007, 51.084169904],
            [3.637815847, 51.084178813],
            [3.63763576, 51.084188498],
            [3.637580342, 51.084185369],
            [3.637507321, 51.084174912],
            [3.637412443, 51.084156342],
            [3.637303739, 51.084132042],
            [3.636905358, 51.084042983],
            [3.636649017, 51.083979142],
            [3.636562082, 51.083964597],
            [3.636463776, 51.083962385],
            [3.636429991, 51.083964261],
            [3.636350736, 51.08396866],
            [3.636089938, 51.084006058],
            [3.636050331, 51.084006451],
            [3.635969367, 51.083999477],
            [3.635774633, 51.08396701],
            [3.635656148, 51.083944087],
            [3.635630654, 51.083939154],
            [3.635337715, 51.083868097],
            [3.635214691, 51.083845235],
            [3.635012627, 51.083799413],
            [3.634852474, 51.083756122],
            [3.634187106, 51.08357626],
            [3.63410916, 51.083547865],
            [3.634049505, 51.08351086],
            [3.63402606, 51.083491527],
            [3.634002184, 51.083458632],
            [3.633987556, 51.083438478],
            [3.634032293, 51.083411017],
            [3.634042983, 51.083374947],
            [3.634038889, 51.083346835],
            [3.634022068, 51.083314296],
            [3.633987907, 51.083280268],
            [3.633932088, 51.083248957],
            [3.633883747, 51.083232069],
            [3.633877249, 51.083229798],
            [3.633785208, 51.083214345],
            [3.633744706, 51.083207544],
            [3.633712854, 51.083199194],
            [3.633700453, 51.083195944],
            [3.633666635, 51.083183704],
            [3.633472643, 51.083088261],
            [3.633056688, 51.08290359],
            [3.632581954, 51.08269282],
            [3.632430438, 51.082623511],
            [3.632175169, 51.082500297],
            [3.632142825, 51.082487073],
            [3.632108781, 51.082477556],
            [3.632032633, 51.08247189],
            [3.632001538, 51.082460879],
            [3.631973891, 51.082439017],
            [3.631949687, 51.082419876],
            [3.63184964, 51.082340761],
            [3.631810401, 51.082303505],
            [3.631783975, 51.082274782],
            [3.631754799, 51.082243069],
            [3.631731053, 51.082221669],
            [3.631704057, 51.082197342],
            [3.63168704, 51.082184097],
            [3.631486697, 51.082028183],
            [3.631440521, 51.081996535],
            [3.631394878, 51.081970057],
            [3.63119236, 51.081864758],
            [3.631136938, 51.081838511],
            [3.631002626, 51.081779055],
            [3.630987339, 51.081772947],
            [3.630910554, 51.081742268],
            [3.63088154, 51.081732546],
            [3.630860163, 51.081725382],
            [3.630802263, 51.081712202],
            [3.630723564, 51.081704095],
            [3.630557718, 51.081698023],
            [3.630446618, 51.081687287],
            [3.630361028, 51.081679015],
            [3.630214487, 51.081673173],
            [3.630156507, 51.081664897],
            [3.63014235, 51.081662876],
            [3.630105596, 51.081650666],
            [3.63009802, 51.08164663],
            [3.63006766, 51.081630455],
            [3.629960356, 51.081561214],
            [3.629919177, 51.081531234],
            [3.629879836, 51.081491496],
            [3.629846369, 51.081439164],
            [3.629833603, 51.081406601],
            [3.629820623, 51.081354275],
            [3.62981466, 51.081330237],
            [3.629802214, 51.081293897],
            [3.62971816, 51.081103287],
            [3.629671996, 51.080978858],
            [3.629653234, 51.080928289],
            [3.629598025, 51.080813142],
            [3.629581367, 51.080778399],
            [3.629547279, 51.080695857],
            [3.629505831, 51.080595487],
            [3.629371401, 51.080332984],
            [3.629313142, 51.080238531],
            [3.629249446, 51.080148838],
            [3.629039619, 51.079901241],
            [3.629019327, 51.079877297],
            [3.629001805, 51.079860649],
            [3.628989424, 51.079848886],
            [3.628925465, 51.079797937],
            [3.628566018, 51.079531093],
            [3.628244218, 51.079302982],
            [3.627924925, 51.079060025],
            [3.627893048, 51.079035768],
            [3.627612622, 51.078848931],
            [3.627246704, 51.078618383],
            [3.627161704, 51.078561729],
            [3.627040513, 51.078480954],
            [3.626958053, 51.078422132],
            [3.626672549, 51.078206638],
            [3.626654543, 51.078193047],
            [3.626668625, 51.078184509],
            [3.626768348, 51.07812405],
            [3.627318437, 51.077824585],
            [3.62748272, 51.077744297],
            [3.627794094, 51.077584076],
            [3.62790469, 51.077531036],
            [3.627925046, 51.07751477],
            [3.627935324, 51.077496402],
            [3.627934508, 51.077489337],
            [3.627933259, 51.077478502],
            [3.62792356, 51.077464097],
            [3.62788524, 51.077433063],
            [3.627404609, 51.077122158],
            [3.627229104, 51.077008628],
            [3.62708651, 51.076908155],
            [3.627017986, 51.076864364],
            [3.62693962, 51.076814284],
            [3.626854289, 51.076764313],
            [3.62682453, 51.076743138],
            [3.626795427, 51.076716524],
            [3.626617583, 51.076527326],
            [3.626512021, 51.076422762],
            [3.626490016, 51.076400965],
            [3.626320943, 51.076238202],
            [3.626048308, 51.075985143],
            [3.626038624, 51.075976155],
            [3.625886055, 51.075855628],
            [3.625638588, 51.075639203],
            [3.625304393, 51.075358785],
            [3.625167774, 51.075232863],
            [3.624997308, 51.075099939],
            [3.624971397, 51.075078054],
            [3.624865048, 51.074988226],
            [3.624808036, 51.074945213],
            [3.624637058, 51.07483526],
            [3.62454452, 51.074775751],
            [3.624225084, 51.07459666],
            [3.62414533, 51.074562875],
            [3.62399925, 51.074508196],
            [3.623735992, 51.074395799],
            [3.623340092, 51.074234632],
            [3.623218569, 51.074182177],
            [3.623170986, 51.074161638],
            [3.623128516, 51.074145584],
            [3.623096921, 51.074138517],
            [3.623064228, 51.074138695],
            [3.623037804, 51.074144965],
            [3.62300708, 51.074158574],
            [3.622932795, 51.074201346],
            [3.622711993, 51.074336994],
            [3.622692026, 51.074348228],
            [3.622455549, 51.074481273],
            [3.622357427, 51.074527402],
            [3.622232509, 51.074612804],
            [3.62217819, 51.074656253],
            [3.622071666, 51.07476196],
            [3.621881227, 51.07497203],
            [3.621809606, 51.075043535],
            [3.621660577, 51.075173618],
            [3.621625529, 51.075218844],
            [3.621583137, 51.075294639],
            [3.621580608, 51.075299163],
            [3.621551451, 51.075366512],
            [3.621532811, 51.075421268],
            [3.621523555, 51.075459618],
            [3.621514323, 51.075531017],
            [3.621511528, 51.075666338],
            [3.621510994, 51.075692219],
            [3.621504455, 51.075742062],
            [3.621496461, 51.07577044],
            [3.621494052, 51.075775141],
            [3.621485312, 51.07579221],
            [3.621481761, 51.075796811],
            [3.621471155, 51.075810547],
            [3.621447798, 51.07583276],
            [3.621378399, 51.075878474],
            [3.621274993, 51.075930918],
            [3.621273505, 51.075931672],
            [3.621201717, 51.075974533],
            [3.621000153, 51.076108596],
            [3.620873581, 51.076196635],
            [3.620609891, 51.07638405],
            [3.619962516, 51.076844157],
            [3.619579076, 51.077113824],
            [3.618571347, 51.077822526],
            [3.618455535, 51.077907117],
            [3.61828633, 51.078039273],
            [3.618254212, 51.078064359],
            [3.618151699, 51.078138569],
            [3.618131852, 51.078052815],
            [3.61812607, 51.077968803],
            [3.618117302, 51.077930474],
            [3.618110662, 51.077916947],
            [3.618090506, 51.077875882],
            [3.618057848, 51.077834501],
            [3.618009812, 51.077788959],
            [3.617962347, 51.077751183],
            [3.617916819, 51.077720597],
            [3.617757852, 51.077613799],
            [3.617626771, 51.077539714],
            [3.617571672, 51.0775121],
            [3.617538307, 51.07749709],
            [3.617505607, 51.07748238],
            [3.617414125, 51.077446226],
            [3.617329169, 51.07741824],
            [3.617224233, 51.077388053],
            [3.616934652, 51.077320837],
            [3.616931984, 51.077320218],
            [3.616891245, 51.077307658],
            [3.616847661, 51.077290344],
            [3.616797615, 51.077264158],
            [3.616766552, 51.077242035],
            [3.616758747, 51.077236477],
            [3.61673257, 51.077208496],
            [3.616698254, 51.077150503],
            [3.616683877, 51.077132734],
            [3.616652475, 51.077111328],
            [3.616619742, 51.07709918],
            [3.616573675, 51.077089104],
            [3.616515361, 51.077081816],
            [3.61645081, 51.077078193],
            [3.616381113, 51.077078874],
            [3.616256994, 51.077086806],
            [3.616064369, 51.077110898],
            [3.615965684, 51.077120131],
            [3.615646024, 51.077134664],
            [3.615554572, 51.077144486],
            [3.615427834, 51.077158096],
            [3.615373699, 51.077158309],
            [3.615331222, 51.077153992],
            [3.615266423, 51.077141387],
            [3.615187674, 51.077118797],
            [3.615102905, 51.077085942],
            [3.615029034, 51.077050911],
            [3.614997333, 51.077029771],
            [3.614969766, 51.077003167],
            [3.614953579, 51.076978498],
            [3.614917003, 51.076907358],
            [3.614883214, 51.076868302],
            [3.614851241, 51.076845611],
            [3.614826656, 51.076832617],
            [3.614793397, 51.076819646],
            [3.614749399, 51.076807455],
            [3.61462973, 51.076786549],
            [3.614485664, 51.076770652],
            [3.614319466, 51.07675594],
            [3.614083708, 51.076740945],
            [3.614015865, 51.076739844],
            [3.613867259, 51.07674335],
            [3.613601582, 51.076755111],
            [3.613559466, 51.07675532],
            [3.613516663, 51.076752627],
            [3.613451665, 51.076740828],
            [3.613365637, 51.076714877],
            [3.613298696, 51.076689823],
            [3.613282845, 51.07668389],
            [3.613256653, 51.076672477],
            [3.613218298, 51.076655765],
            [3.613169485, 51.076634496],
            [3.613158393, 51.076607411],
            [3.61313371, 51.076547129],
            [3.613123813, 51.076522959],
            [3.613058455, 51.076420208],
            [3.613010129, 51.076354708],
            [3.6129784, 51.076306097],
            [3.612929561, 51.076240984],
            [3.612908414, 51.076206816],
            [3.612901101, 51.076197036],
            [3.612789782, 51.076039778],
            [3.612743766, 51.075978171],
            [3.612728068, 51.075953737],
            [3.612717267, 51.075936928],
            [3.612660034, 51.075860773],
            [3.612577667, 51.075742744],
            [3.612520558, 51.075666731],
            [3.612452253, 51.075566617],
            [3.612392102, 51.075486997],
            [3.612117051, 51.075093659],
            [3.612075285, 51.075047353],
            [3.612018209, 51.074988802],
            [3.611958443, 51.074935666],
            [3.611956906, 51.074934416],
            [3.61186277, 51.074857835],
            [3.611847224, 51.074843838],
            [3.611701036, 51.074712206],
            [3.611649815, 51.074670362],
            [3.611444878, 51.074520041],
            [3.611354202, 51.074465532],
            [3.611090937, 51.07432379],
            [3.61107562, 51.074316157],
            [3.611022623, 51.074289744],
            [3.610664577, 51.074119571],
            [3.610612021, 51.07409129],
            [3.610545731, 51.074048331],
            [3.610527945, 51.074035174],
            [3.610435202, 51.073966573],
            [3.610289236, 51.073847201],
            [3.61020377, 51.073777307],
            [3.610197244, 51.07377197],
            [3.610098851, 51.073696195],
            [3.610060184, 51.073665104],
            [3.609901636, 51.073537622],
            [3.609841465, 51.073484423],
            [3.609841143, 51.073484139],
            [3.609783443, 51.073428655],
            [3.609732898, 51.073392781],
            [3.609674785, 51.073348613],
            [3.609600513, 51.073292166],
            [3.609510921, 51.073228959],
            [3.609430812, 51.07317797],
            [3.609366864, 51.073140836],
            [3.609172693, 51.073016165],
            [3.6090972, 51.072971844],
            [3.609005722, 51.072913569],
            [3.608981805, 51.072898332],
            [3.608792651, 51.072786373],
            [3.608753345, 51.072767775],
            [3.60872707, 51.072758215],
            [3.608692446, 51.072752359],
            [3.608635655, 51.072750702],
            [3.608618538, 51.07274861],
            [3.608589038, 51.072738842],
            [3.6085651, 51.072724629],
            [3.608531191, 51.072693322],
            [3.608512526, 51.07267122],
            [3.608425752, 51.072550078],
            [3.608322454, 51.072423128],
            [3.608245179, 51.072320588],
            [3.608226737, 51.072296116],
            [3.608143592, 51.072169618],
            [3.608040995, 51.071995215],
            [3.60801889, 51.071968226],
            [3.607979017, 51.071939199],
            [3.607794372, 51.071823316],
            [3.60768586, 51.071750976],
            [3.607571675, 51.071668963],
            [3.607514547, 51.071634459],
            [3.607467192, 51.071605859],
            [3.607404389, 51.071564981],
            [3.607333964, 51.071512685],
            [3.607248301, 51.07145478],
            [3.607155088, 51.071386711],
            [3.607123216, 51.071361841],
            [3.607077483, 51.071318437],
            [3.607023757, 51.071254558],
            [3.606996687, 51.071218081],
            [3.606986685, 51.071202343],
            [3.606965585, 51.07116914],
            [3.606788667, 51.070861729],
            [3.606711177, 51.07071513],
            [3.606655495, 51.070615949],
            [3.606539897, 51.070431829],
            [3.606482509, 51.070340422],
            [3.606374703, 51.070187913],
            [3.606293649, 51.07009674],
            [3.606231082, 51.070030937],
            [3.606230494, 51.070030319],
            [3.606116571, 51.069901445],
            [3.606107379, 51.069889866],
            [3.606023732, 51.069791425],
            [3.606262771, 51.069685833],
            [3.606458343, 51.069599441],
            [3.606380497, 51.069517555],
            [3.606353349, 51.069497382],
            [3.606328137, 51.069481677],
            [3.606263032, 51.06944927],
            [3.606217801, 51.069432652],
            [3.606065013, 51.069386575],
            [3.606032571, 51.06937679],
            [3.605946011, 51.069342388],
            [3.605884059, 51.069313732],
            [3.60580702, 51.069274624],
            [3.605720862, 51.06922903],
            [3.605643922, 51.069183865],
            [3.605625019, 51.069168869],
            [3.605614484, 51.069154348],
            [3.605610796, 51.069142327],
            [3.605611744, 51.069134571],
            [3.605613205, 51.069122612],
            [3.605618839, 51.069107919],
            [3.60562899, 51.06909332],
            [3.605681017, 51.069035927],
            [3.605682791, 51.06903397],
            [3.605698686, 51.069012518],
            [3.605703631, 51.06900074],
            [3.605705028, 51.068989611],
            [3.605701535, 51.068978771],
            [3.605694385, 51.068970518],
            [3.605679072, 51.068960505],
            [3.605658468, 51.068951612],
            [3.605499936, 51.06889071],
            [3.605339315, 51.068826584],
            [3.605246161, 51.068789393],
            [3.605223618, 51.068784616],
            [3.605197354, 51.068782885],
            [3.605172788, 51.068787179],
            [3.60515417, 51.06879604],
            [3.605144175, 51.068804753],
            [3.604921822, 51.068998578],
            [3.604905482, 51.069010676],
            [3.604886636, 51.069021052],
            [3.604859978, 51.069028902],
            [3.604844875, 51.069030395],
            [3.604836843, 51.069030042],
            [3.604823571, 51.069029459],
            [3.604789835, 51.069023019],
            [3.604751816, 51.069008142],
            [3.604641537, 51.068947312],
            [3.604579776, 51.068910257],
            [3.604536682, 51.06888858],
            [3.604474767, 51.068851739],
            [3.604409469, 51.068816544],
            [3.604229794, 51.06871165],
            [3.604220048, 51.068705961],
            [3.604141024, 51.068662113],
            [3.604064406, 51.068615038],
            [3.604057979, 51.068611581],
            [3.603999437, 51.068580102],
            [3.603958679, 51.068555085],
            [3.60376889, 51.068438596],
            [3.603723493, 51.068414949],
            [3.60362758, 51.068360454],
            [3.603437415, 51.068239016],
            [3.603373746, 51.068198357],
            [3.603259729, 51.068122752],
            [3.603231644, 51.06810413],
            [3.603165134, 51.068063943],
            [3.603034422, 51.067995915],
            [3.603019184, 51.067988664],
            [3.602723976, 51.067848198],
            [3.602669807, 51.067820619],
            [3.602613239, 51.06778879],
            [3.602564493, 51.067757685],
            [3.602538648, 51.067738451],
            [3.60253121, 51.067732916],
            [3.60249769, 51.067703918],
            [3.602457356, 51.067661258],
            [3.602421223, 51.067616309],
            [3.602387036, 51.067566451],
            [3.602364521, 51.067526525],
            [3.602333296, 51.067457971],
            [3.602307644, 51.067389804],
            [3.602285847, 51.06732273],
            [3.602267848, 51.067245657],
            [3.602262359, 51.067181737],
            [3.60226001, 51.067154397],
            [3.602256621, 51.067057881],
            [3.602248341, 51.066985993],
            [3.602248437, 51.066945308],
            [3.602255775, 51.066844778],
            [3.602257142, 51.066747898],
            [3.602254547, 51.066705478],
            [3.602246677, 51.066655734],
            [3.60223993, 51.066584866],
            [3.602240331, 51.066522187],
            [3.602241101, 51.066401947],
            [3.602235909, 51.066231858],
            [3.602229348, 51.066146397],
            [3.602221561, 51.06611358],
            [3.602210797, 51.066087773],
            [3.602200445, 51.066072541],
            [3.602181152, 51.066054225],
            [3.602152683, 51.066033479],
            [3.602110464, 51.06600751],
            [3.602071373, 51.065986955],
            [3.602036332, 51.065971303],
            [3.601997402, 51.065956865],
            [3.601957288, 51.065944905],
            [3.601887058, 51.065929903],
            [3.601819502, 51.065920958],
            [3.601753506, 51.065917797],
            [3.601602032, 51.065916321],
            [3.601530969, 51.065910969],
            [3.601529946, 51.065910892],
            [3.601525131, 51.065910134],
            [3.601485688, 51.065903922],
            [3.601437804, 51.065892563],
            [3.601412224, 51.065883537],
            [3.601406505, 51.065881519],
            [3.601379321, 51.065867311],
            [3.601358395, 51.065848609],
            [3.601349944, 51.065831661],
            [3.601347989, 51.065807144],
            [3.601350707, 51.065725808],
            [3.601345316, 51.065664109],
            [3.601335704, 51.065610404],
            [3.601329417, 51.065587771],
            [3.601389416, 51.065572838],
            [3.601393271, 51.065571851],
            [3.601426935, 51.065563241],
            [3.60149867, 51.065540527],
            [3.60170398, 51.065475518],
            [3.60225456, 51.06527693],
            [3.602657005, 51.06513446],
            [3.603000138, 51.065006074],
            [3.602874081, 51.064914795],
            [3.602706507, 51.064793452],
            [3.602712881, 51.064774096],
            [3.603469914, 51.064460299],
            [3.603473615, 51.064465363],
            [3.60358326, 51.064615396],
            [3.603607428, 51.064642677],
            [3.603897222, 51.064969791],
            [3.604068785, 51.065163446],
            [3.604122928, 51.065230155],
            [3.604179865, 51.065300308],
            [3.604191266, 51.065319322],
            [3.604210732, 51.065351787],
            [3.604216783, 51.065374184],
            [3.604214642, 51.065383065],
            [3.604211115, 51.065397694],
            [3.604196616, 51.06542382],
            [3.604183891, 51.065446751],
            [3.60416333, 51.065477769],
            [3.60415061, 51.065496959],
            [3.604167011, 51.065509671],
            [3.604184143, 51.065521961],
            [3.604187107, 51.065524087],
            [3.604190347, 51.065526411],
            [3.604242566, 51.065546301],
            [3.60439553, 51.065603305],
            [3.60443037, 51.065618597],
            [3.604459056, 51.065631187],
            [3.604580562, 51.065696784],
            [3.604685805, 51.0657536],
            [3.604715979, 51.06574345],
            [3.604763368, 51.065712406],
            [3.604804689, 51.065685337],
            [3.60483358, 51.06566825],
            [3.605089459, 51.065516913],
            [3.60519088, 51.065456929],
            [3.605248723, 51.065422718],
            [3.605290508, 51.065406637],
            [3.60554565, 51.065616699],
            [3.605562288, 51.065649827],
            [3.605564987, 51.065655199],
            [3.605581147, 51.065688987],
            [3.60615877, 51.06602303],
            [3.606177253, 51.066033741],
            [3.606397687, 51.065926788],
            [3.60739362, 51.065443559],
            [3.608629323, 51.064853065],
            [3.608637668, 51.064852629],
            [3.608812967, 51.064843472],
            [3.608818209, 51.064840874],
            [3.608819435, 51.064840267],
            [3.608831633, 51.064834223],
            [3.608874293, 51.064813087],
            [3.608887158, 51.064806713],
            [3.609443333, 51.064531145],
            [3.60980411, 51.064352387],
            [3.60992154, 51.064294203],
            [3.610705668, 51.063905674],
            [3.610713309, 51.063901888],
            [3.610714688, 51.06390665],
            [3.610723989, 51.063938767],
            [3.610726342, 51.063946893],
            [3.610726718, 51.063948189],
            [3.610732085, 51.063966721],
            [3.610856, 51.063907244],
            [3.610868336, 51.063901585],
            [3.61092915, 51.063873685],
            [3.610948029, 51.063865024],
            [3.611020219, 51.063835757],
            [3.611084971, 51.063794632],
            [3.611628795, 51.063626083],
            [3.611748084, 51.063589111],
            [3.611746317, 51.063511563],
            [3.612095281, 51.062628218],
            [3.612128729, 51.062543547],
            [3.612156894, 51.062472249],
            [3.61214059, 51.062266052],
            [3.612110801, 51.062122597],
            [3.612013996, 51.061656417],
            [3.611997467, 51.061417991],
            [3.612043857, 51.061209938],
            [3.612497548, 51.060883752],
            [3.612527114, 51.060862496],
            [3.612545444, 51.060827239],
            [3.612674545, 51.060578938],
            [3.612663682, 51.060497312],
            [3.612658388, 51.060457533],
            [3.612018933, 51.05938884],
            [3.61178686, 51.059042097],
            [3.6116541, 51.058843736],
            [3.611357073, 51.058353771],
            [3.610877699, 51.057588079],
            [3.609571664, 51.058084958],
            [3.60949004, 51.058116011],
            [3.609458585, 51.058127978],
            [3.608896819, 51.057720499],
            [3.608851961, 51.05764743],
            [3.608524882, 51.05715586],
            [3.608499755, 51.057118095],
            [3.608361325, 51.057013407],
            [3.608284314, 51.056974598],
            [3.607978379, 51.056820423],
            [3.607481172, 51.056552493],
            [3.607343227, 51.056471686],
            [3.607981627, 51.056215211],
            [3.609874288, 51.055454804],
            [3.609842731, 51.055427465],
            [3.609567256, 51.055188819],
            [3.609552837, 51.054890944],
            [3.609514973, 51.05489927],
            [3.609325656, 51.054985655],
            [3.609310418, 51.054992608],
            [3.609260971, 51.054969932],
            [3.609199126, 51.054932776],
            [3.608853382, 51.054725051],
            [3.608221114, 51.054345175],
            [3.607926137, 51.054460663],
            [3.607750264, 51.054305342],
            [3.607599591, 51.054149024],
            [3.607460603, 51.054013564],
            [3.607270632, 51.05386893],
            [3.607116203, 51.053751627],
            [3.60697634, 51.053642995],
            [3.606738981, 51.053486672],
            [3.60666554, 51.053439426],
            [3.606584379, 51.053387212],
            [3.606495902, 51.053353343],
            [3.60633278, 51.053174478],
            [3.606282291, 51.053120071],
            [3.605885071, 51.052606229],
            [3.60582576, 51.052534388],
            [3.605209374, 51.051590437],
            [3.605208128, 51.051582078],
            [3.605189989, 51.051460395],
            [3.605014143, 51.051078466],
            [3.604945836, 51.050963144],
            [3.604876095, 51.050866364],
            [3.604733656, 51.050715361],
            [3.604221666, 51.050306278],
            [3.603817574, 51.049984563],
            [3.603538906, 51.049772968],
            [3.603339115, 51.049621264],
            [3.603034002, 51.049380961],
            [3.602475097, 51.048861456],
            [3.601873044, 51.048301827],
            [3.60186145, 51.048266843],
            [3.601830678, 51.048173977],
            [3.60174551, 51.048211508],
            [3.601738113, 51.048214902],
            [3.601566483, 51.048293634],
            [3.601451868, 51.04834621],
            [3.600914967, 51.048601675],
            [3.600673283, 51.048715216],
            [3.600562608, 51.048787378],
            [3.600303508, 51.048995755],
            [3.600396632, 51.049062316],
            [3.600427631, 51.049084472],
            [3.600208663, 51.049207071],
            [3.599979159, 51.049335568],
            [3.599974363, 51.049353317],
            [3.599970125, 51.049368997],
            [3.599138879, 51.049499585],
            [3.598610916, 51.049595318],
            [3.598273756, 51.049653052],
            [3.597826613, 51.049721483],
            [3.597527489, 51.049600367],
            [3.597443184, 51.049564138],
            [3.597345824, 51.049495715],
            [3.597176688, 51.049370955],
            [3.597138915, 51.049343091],
            [3.597071507, 51.049311968],
            [3.597065087, 51.049316112],
            [3.597046336, 51.049328215],
            [3.596927107, 51.049281768],
            [3.596703482, 51.04916471],
            [3.596493218, 51.049044172],
            [3.596430781, 51.049004399],
            [3.596383434, 51.04897424],
            [3.596292256, 51.048908711],
            [3.596161721, 51.048770054],
            [3.59597804, 51.048550928],
            [3.595868381, 51.048420108],
            [3.595859204, 51.048409161],
            [3.595702261, 51.048281836],
            [3.59563297, 51.048262115],
            [3.595593795, 51.048255426],
            [3.595263652, 51.048199048],
            [3.595231603, 51.048193576],
            [3.595260406, 51.048094583],
            [3.595337003, 51.047762781],
            [3.595414022, 51.047429146],
            [3.595399506, 51.047348421],
            [3.595342996, 51.047274555],
            [3.595221994, 51.04719884],
            [3.595083834, 51.04714851],
            [3.595033325, 51.047091436],
            [3.594993491, 51.047026846],
            [3.594974544, 51.047000589],
            [3.594957169, 51.046972168],
            [3.594905227, 51.046887209],
            [3.594408605, 51.046472402],
            [3.594268548, 51.046351805],
            [3.593494207, 51.045839532],
            [3.593276493, 51.045695499],
            [3.593273157, 51.045681362],
            [3.59295716, 51.045468536],
            [3.592372349, 51.04558722],
            [3.592170863, 51.045628109],
            [3.590313662, 51.04425332],
            [3.590310143, 51.044250716],
            [3.590236129, 51.044159209],
            [3.590464637, 51.043930507],
            [3.59099779, 51.043287908],
            [3.591010108, 51.043270847],
            [3.591134622, 51.043098342],
            [3.59119875, 51.042959842],
            [3.591347116, 51.04249184],
            [3.59139825, 51.042330358],
            [3.591550645, 51.041800562],
            [3.591564581, 51.041752201],
            [3.591609542, 51.0416008],
            [3.591659798, 51.041430614],
            [3.591701609, 51.041289023],
            [3.591763955, 51.04093533],
            [3.591723818, 51.040876795],
            [3.59170349, 51.040847149],
            [3.591686362, 51.04084478],
            [3.591526536, 51.040822241],
            [3.591342931, 51.040756405],
            [3.590652707, 51.040481897],
            [3.589564044, 51.040071861],
            [3.58833978, 51.039591122],
            [3.586991327, 51.039051097],
            [3.586630704, 51.038906563],
            [3.586504803, 51.038834792],
            [3.586145179, 51.038563287],
            [3.586042948, 51.038461611],
            [3.586052948, 51.038457048],
            [3.585769409, 51.038012433],
            [3.585409447, 51.037496516],
            [3.584631477, 51.036472286],
            [3.583901852, 51.035716538],
            [3.583829913, 51.035621813],
            [3.583488671, 51.035134673],
            [3.583129623, 51.034586582],
            [3.582927602, 51.034285489],
            [3.582652022, 51.033881372],
            [3.579775157, 51.030255251],
            [3.579868845, 51.030200251],
            [3.579955623, 51.030167368],
            [3.58204109, 51.029377066],
            [3.584707376, 51.028288847],
            [3.587082958, 51.02732238],
            [3.587589217, 51.027074588],
            [3.587856118, 51.026931266],
            [3.588496668, 51.026531538],
            [3.588708678, 51.0263988],
            [3.58889189, 51.026284138],
            [3.588987394, 51.026213133],
            [3.589157721, 51.026082932],
            [3.589707967, 51.025748053],
            [3.589910022, 51.025638287],
            [3.590128982, 51.025483118],
            [3.590259042, 51.025362763],
            [3.590795102, 51.024909582],
            [3.591355853, 51.024435517],
            [3.591667299, 51.024578455],
            [3.592030609, 51.024803619],
            [3.592158303, 51.02488071],
            [3.592284417, 51.024956846],
            [3.5930573, 51.024719498],
            [3.593337911, 51.024701119],
            [3.593554136, 51.024702541],
            [3.594178144, 51.024752159],
            [3.594314411, 51.024747993],
            [3.594459771, 51.024673104],
            [3.594654304, 51.024537993],
            [3.594745708, 51.024336473],
            [3.594827863, 51.024210728],
            [3.595950764, 51.023632099],
            [3.597404182, 51.022929347],
            [3.598793654, 51.022206067],
            [3.599438661, 51.022623663],
            [3.600806103, 51.023493886],
            [3.601321218, 51.02384207],
            [3.601642557, 51.024122424],
            [3.602427531, 51.025062296],
            [3.602612805, 51.025384174],
            [3.602669131, 51.025583433],
            [3.602928706, 51.026885649],
            [3.603148943, 51.027624641],
            [3.603458778, 51.028408317],
            [3.603529397, 51.028597485],
            [3.603533329, 51.028608021],
            [3.603627985, 51.028588907],
            [3.603637218, 51.028586995],
            [3.603652645, 51.028583803],
            [3.603857782, 51.028541339],
            [3.604027332, 51.028510696],
            [3.604286387, 51.028485424],
            [3.604516251, 51.028473988],
            [3.605198281, 51.028456571],
            [3.605606108, 51.028445821],
            [3.605957242, 51.028436564],
            [3.606123292, 51.028432554],
            [3.60628478, 51.028428654],
            [3.60621281, 51.028689534],
            [3.606221771, 51.028823023],
            [3.60621564, 51.028905435],
            [3.60624447, 51.029029506],
            [3.606310565, 51.029183321],
            [3.606388068, 51.029307994],
            [3.606694384, 51.02972208],
            [3.607078999, 51.030151009],
            [3.607458257, 51.030614449],
            [3.607911169, 51.0311323],
            [3.608102384, 51.031339591],
            [3.608257273, 51.031507597],
            [3.608429171, 51.031661528],
            [3.608632194, 51.031827596],
            [3.608824392, 51.031980821],
            [3.60901679, 51.032121812],
            [3.609384657, 51.032404402],
            [3.609428853, 51.032433336],
            [3.609605446, 51.03252578],
            [3.609988116, 51.032723972],
            [3.610000852, 51.032717528],
            [3.610129304, 51.032784373],
            [3.610464098, 51.032970668],
            [3.61053038, 51.033004805],
            [3.610857991, 51.033160299],
            [3.611164282, 51.033298648],
            [3.611317426, 51.033367475],
            [3.611566528, 51.033474567],
            [3.611787861, 51.033555905],
            [3.612176202, 51.033744795],
            [3.612439734, 51.03386166],
            [3.612976723, 51.034095603],
            [3.614303153, 51.034650211],
            [3.614724782, 51.034786348],
            [3.61538609, 51.034978367],
            [3.615801056, 51.035071758],
            [3.61653898, 51.035182797],
            [3.617139814, 51.035249978],
            [3.617774365, 51.035306692],
            [3.618571492, 51.035344778],
            [3.619059936, 51.035357864],
            [3.619161362, 51.035325778],
            [3.619422759, 51.035331767],
            [3.619441059, 51.035332186],
            [3.619588923, 51.035328497],
            [3.61972556, 51.035295798],
            [3.619823738, 51.035264393],
            [3.619889212, 51.035238263],
            [3.619948374, 51.035209144],
            [3.619987675, 51.03516851],
            [3.62002695, 51.03512944],
            [3.62009258, 51.035064962],
            [3.620151007, 51.034964058],
            [3.62019183, 51.034862907],
            [3.620192241, 51.034860126],
            [3.620210551, 51.03473605],
            [3.620167709, 51.034607543],
            [3.620151928, 51.034564599],
            [3.620111916, 51.034447204],
            [3.620105406, 51.034325526],
            [3.620143746, 51.034232495],
            [3.620173745, 51.034195748],
            [3.620198038, 51.034167253],
            [3.620286091, 51.034086763],
            [3.6203517, 51.034036952],
            [3.620390491, 51.034007501],
            [3.620443454, 51.033976374],
            [3.620456925, 51.033968459],
            [3.62050731, 51.033938862],
            [3.620658957, 51.033880125],
            [3.620845045, 51.033811782],
            [3.620957625, 51.033779065],
            [3.621093472, 51.033753515],
            [3.621344931, 51.033692885],
            [3.621788317, 51.033603419],
            [3.622281418, 51.033511021],
            [3.622864737, 51.033419345],
            [3.623264049, 51.033355017],
            [3.623563548, 51.033292582],
            [3.624023088, 51.0332025],
            [3.624726235, 51.033026738],
            [3.624943333, 51.032975565],
            [3.625390557, 51.032861668],
            [3.625644273, 51.032777589],
            [3.626084047, 51.032640602],
            [3.626425695, 51.032504263],
            [3.626595319, 51.032440292],
            [3.626851438, 51.032352712],
            [3.626996929, 51.032272257],
            [3.627012893, 51.032263429],
            [3.627122672, 51.032202722],
            [3.62726538, 51.032123281],
            [3.627310049, 51.0319897],
            [3.627304769, 51.031926327],
            [3.627298151, 51.031846918],
            [3.627336955, 51.031682124],
            [3.627372875, 51.031623017],
            [3.627419187, 51.031546811],
            [3.627499785, 51.031471474],
            [3.627589591, 51.031391691],
            [3.627669123, 51.031306234],
            [3.627771541, 51.031239313],
            [3.627975396, 51.031081877],
            [3.628160527, 51.030959858],
            [3.628465513, 51.030767089],
            [3.628749727, 51.030591341],
            [3.628992282, 51.030493414],
            [3.629137753, 51.03042171],
            [3.629437864, 51.03030433],
            [3.629734138, 51.030211394],
            [3.630179298, 51.030048716],
            [3.630546115, 51.029937945],
            [3.630889232, 51.029981535],
            [3.631166686, 51.030163762],
            [3.631351161, 51.030260285],
            [3.631473062, 51.030299253],
            [3.631729743, 51.03039398],
            [3.631831682, 51.030412318],
            [3.63189656, 51.03041596],
            [3.631968682, 51.030412195],
            [3.632049595, 51.030415083],
            [3.632209396, 51.030402741],
            [3.632363338, 51.030379548],
            [3.6325257, 51.030345729],
            [3.632726592, 51.030325768],
            [3.633037606, 51.030250599],
            [3.633369616, 51.030158281],
            [3.633690045, 51.030037098],
            [3.633920084, 51.029926443],
            [3.63397011, 51.029897117],
            [3.634018393, 51.029871708],
            [3.634129147, 51.029804285],
            [3.634569982, 51.029536081],
            [3.63506949, 51.029162058],
            [3.635262036, 51.029034599],
            [3.635461974, 51.028869251],
            [3.635593491, 51.028713599],
            [3.635628489, 51.028618726],
            [3.635629176, 51.028494419],
            [3.635629275, 51.028476446],
            [3.635655337, 51.0282985],
            [3.63569362, 51.028129341],
            [3.635822519, 51.028020944],
            [3.63587102, 51.027980158],
            [3.636039812, 51.02782614],
            [3.636333497, 51.027604209],
            [3.63658783, 51.02740634],
            [3.63682216, 51.027284326],
            [3.636936823, 51.027186855],
            [3.637008369, 51.027133785],
            [3.63713702, 51.027054245],
            [3.637237539, 51.02695683],
            [3.638311838, 51.026115671],
            [3.638498444, 51.025947296],
            [3.638926818, 51.025534322],
            [3.639213414, 51.02523032],
            [3.639425778, 51.024986249],
            [3.639482632, 51.024924329],
            [3.639634676, 51.024758733],
            [3.639867155, 51.024367584],
            [3.639999524, 51.024047155],
            [3.640132486, 51.023682088],
            [3.640167973, 51.023218371],
            [3.640164718, 51.023046039],
            [3.640160216, 51.022807756],
            [3.640112382, 51.0227673]
          ]
        ]
      }
    },
    {
      "type": "Feature",
      "properties": { "id": "gent-nieuw-gent-uz", "name": "Nieuw Gent - UZ" },
      "geometry": {
        "type": "Polygon",
        "coordinates": [
          [
            [3.745445678, 51.026990665],
            [3.744541142, 51.028457461],
            [3.743255149, 51.029879104],
            [3.742237818, 51.030642991],
            [3.739927199, 51.031413742],
            [3.738965044, 51.031338798],
            [3.737648202, 51.030963615],
            [3.736495034, 51.030964458],
            [3.735310635, 51.031348011],
            [3.734525554, 51.03225396],
            [3.73242111, 51.03170382],
            [3.730381407, 51.031473958],
            [3.728143481, 51.03152081],
            [3.726299968, 51.031824701],
            [3.726174718, 51.031650693],
            [3.726103562, 51.031487373],
            [3.729721314, 51.030475655],
            [3.72946454, 51.030088282],
            [3.724419227, 51.027932302],
            [3.724096817, 51.028005684],
            [3.722012386, 51.0271657],
            [3.721729199, 51.026099889],
            [3.721196961, 51.025594967],
            [3.71999766, 51.025020075],
            [3.71996747, 51.025938229],
            [3.719651468, 51.026232716],
            [3.709217291, 51.021801175],
            [3.709357343, 51.019467947],
            [3.70898405, 51.019393241],
            [3.709060122, 51.01848953],
            [3.708180147, 51.018467605],
            [3.707671793, 51.018780647],
            [3.706457006, 51.018876643],
            [3.708007159, 51.017548452],
            [3.709970144, 51.016325507],
            [3.711985515, 51.015417029],
            [3.714631415, 51.014539548],
            [3.717523822, 51.014070563],
            [3.720469149, 51.013852097],
            [3.722899468, 51.013759958],
            [3.728639897, 51.013651526],
            [3.731266037, 51.013377961],
            [3.733316781, 51.012965413],
            [3.737771463, 51.011730822],
            [3.737771006, 51.011731118],
            [3.738904896, 51.012085523],
            [3.738951997, 51.01211064],
            [3.739348705, 51.012371609],
            [3.740519499, 51.012965547],
            [3.740856176, 51.013155974],
            [3.741148752, 51.013347443],
            [3.741336979, 51.01353315],
            [3.741404563, 51.013624104],
            [3.741602589, 51.013777412],
            [3.741591693, 51.013783395],
            [3.741697139, 51.01390756],
            [3.741878424, 51.014104466],
            [3.742048064, 51.014322938],
            [3.742205747, 51.014570427],
            [3.742328918, 51.014817723],
            [3.742463676, 51.01506509],
            [3.742529779, 51.015275846],
            [3.742484372, 51.015424352],
            [3.742538153, 51.015515233],
            [3.742442013, 51.015819516],
            [3.742392554, 51.016080367],
            [3.742355134, 51.016297738],
            [3.742385674, 51.016595394],
            [3.742474258, 51.016856979],
            [3.742643215, 51.017118991],
            [3.742858081, 51.017395854],
            [3.743184756, 51.017905344],
            [3.743421879, 51.018233168],
            [3.743748473, 51.018757129],
            [3.743917652, 51.019004667],
            [3.744017802, 51.019259147],
            [3.744163365, 51.019557269],
            [3.744275004, 51.01981181],
            [3.744329166, 51.020058747],
            [3.744407243, 51.020240494],
            [3.744439829, 51.020385755],
            [3.744484176, 51.020509314],
            [3.744560323, 51.020836157],
            [3.744660303, 51.021105091],
            [3.744714293, 51.02137379],
            [3.744871241, 51.021679279],
            [3.745015945, 51.022042846],
            [3.74519583, 51.022348456],
            [3.745621093, 51.023235733],
            [3.745728716, 51.023495473],
            [3.745732289, 51.023504785],
            [3.745733061, 51.023506798],
            [3.745819919, 51.023860699],
            [3.745861755, 51.024172742],
            [3.745880849, 51.024470336],
            [3.745873427, 51.025028895],
            [3.745773337, 51.025630516],
            [3.745652916, 51.026036081],
            [3.745367806, 51.026716505],
            [3.745401221, 51.026867904],
            [3.745408896, 51.02686915],
            [3.745478049, 51.026880376],
            [3.74548991, 51.026882302],
            [3.745445678, 51.026990665]
          ]
        ]
      }
    },
    {
      "type": "Feature",
      "properties": {
        "id": "gent-stationsbuurt-zuid",
        "name": "Stationsbuurt-Zuid"
      },
      "geometry": {
        "type": "Polygon",
        "coordinates": [
          [
            [3.690867456, 51.039502909],
            [3.690030618, 51.038021872],
            [3.688090707, 51.036345689],
            [3.685021392, 51.035029384],
            [3.687297715, 51.033942771],
            [3.690433049, 51.033144648],
            [3.693754177, 51.032747534],
            [3.696270316, 51.032242638],
            [3.6984482, 51.031399508],
            [3.70017329, 51.03039154],
            [3.701518936, 51.02913644],
            [3.702464672, 51.027570194],
            [3.703168586, 51.025823068],
            [3.703779562, 51.02387287],
            [3.704695505, 51.021520006],
            [3.705637724, 51.019845559],
            [3.706457006, 51.018876643],
            [3.707671793, 51.018780647],
            [3.708180147, 51.018467605],
            [3.709060122, 51.01848953],
            [3.70898405, 51.019393241],
            [3.709357343, 51.019467947],
            [3.709217291, 51.021801175],
            [3.719651468, 51.026232716],
            [3.71996747, 51.025938229],
            [3.71999766, 51.025020075],
            [3.721196961, 51.025594967],
            [3.721729199, 51.026099889],
            [3.722012386, 51.0271657],
            [3.724096817, 51.028005684],
            [3.724419227, 51.027932302],
            [3.72946454, 51.030088282],
            [3.729721314, 51.030475655],
            [3.726103562, 51.031487373],
            [3.726174718, 51.031650693],
            [3.720937566, 51.03281761],
            [3.715785674, 51.03398561],
            [3.708941421, 51.035562773],
            [3.708831163, 51.035403719],
            [3.707461773, 51.035729916],
            [3.692128677, 51.039223759],
            [3.690867456, 51.039502909]
          ]
        ]
      }
    },
    {
      "type": "Feature",
      "properties": {
        "id": "gent-watersportbaan-ekkergem",
        "name": "Watersportbaan - Ekkergem"
      },
      "geometry": {
        "type": "Polygon",
        "coordinates": [
          [
            [3.708483538, 51.0566542],
            [3.700242741, 51.053226115],
            [3.6996865, 51.053163687],
            [3.69902164, 51.053185617],
            [3.698415487, 51.053597929],
            [3.697594615, 51.053091544],
            [3.697524812, 51.05244181],
            [3.698399986, 51.051255002],
            [3.69765371, 51.0503743],
            [3.696784276, 51.050547028],
            [3.695212936, 51.050189305],
            [3.694544565, 51.050272289],
            [3.693825935, 51.050610755],
            [3.693238856, 51.05136081],
            [3.692673451, 51.052483763],
            [3.69271597, 51.053181802],
            [3.691959847, 51.053126619],
            [3.691146826, 51.052945535],
            [3.690563719, 51.053008198],
            [3.689487554, 51.05339332],
            [3.688740767, 51.053447306],
            [3.687382753, 51.053274711],
            [3.686661786, 51.053009431],
            [3.686063755, 51.052635301],
            [3.685977023, 51.053043392],
            [3.686241879, 51.053517847],
            [3.686109273, 51.054451266],
            [3.685836959, 51.054939046],
            [3.67272509, 51.053276893],
            [3.674841794, 51.051656962],
            [3.676757776, 51.04978945],
            [3.677771615, 51.04818518],
            [3.678787561, 51.0456765],
            [3.67979738, 51.041880048],
            [3.680195019, 51.03988266],
            [3.681033772, 51.03844406],
            [3.682436814, 51.036857466],
            [3.683987461, 51.03568986],
            [3.685021392, 51.035029384],
            [3.688090707, 51.036345689],
            [3.690030618, 51.038021872],
            [3.690867456, 51.039502909],
            [3.69150381, 51.040461263],
            [3.692186532, 51.041041625],
            [3.694767192, 51.042255642],
            [3.696307255, 51.043260285],
            [3.696309702, 51.043269255],
            [3.696320974, 51.043271323],
            [3.697020648, 51.04369077],
            [3.697583163, 51.043914571],
            [3.698279447, 51.044164865],
            [3.698283253, 51.044168016],
            [3.698285854, 51.044165009],
            [3.69998862, 51.044418796],
            [3.701627362, 51.044342681],
            [3.705001714, 51.043611257],
            [3.706645256, 51.043279606],
            [3.708719365, 51.043270588],
            [3.710524854, 51.043033475],
            [3.711046465, 51.042849015],
            [3.713186127, 51.041616753],
            [3.714015895, 51.041340588],
            [3.714983693, 51.041494142],
            [3.717220737, 51.04261179],
            [3.720025712, 51.043753448],
            [3.720860958, 51.044474658],
            [3.720973481, 51.044957889],
            [3.720627174, 51.046927171],
            [3.718243121, 51.046716138],
            [3.715210553, 51.047113299],
            [3.714737473, 51.047242987],
            [3.710659325, 51.050290566],
            [3.710600989, 51.050596579],
            [3.710568208, 51.050693312],
            [3.708879971, 51.055669002],
            [3.708620626, 51.056375737],
            [3.708483538, 51.0566542]
          ]
        ]
      }
    },
    {
      "type": "Feature",
      "properties": {
        "id": "gent-sluizeken-tolhuis-ham",
        "name": "Sluizeken - Tolhuis - Ham"
      },
      "geometry": {
        "type": "Polygon",
        "coordinates": [
          [
            [3.729028979, 51.070405793],
            [3.728835603, 51.070135209],
            [3.727823608, 51.068228915],
            [3.727428441, 51.068117493],
            [3.727547178, 51.066894058],
            [3.727139111, 51.066952376],
            [3.723797414, 51.066082142],
            [3.721990191, 51.065642871],
            [3.719670106, 51.064824326],
            [3.719122999, 51.064268476],
            [3.718832007, 51.064323898],
            [3.718066113, 51.062606662],
            [3.716293914, 51.062834807],
            [3.716087759, 51.061265321],
            [3.714991297, 51.060016203],
            [3.718686917, 51.059303723],
            [3.719920506, 51.05811719],
            [3.720968127, 51.058423809],
            [3.721355271, 51.058963465],
            [3.724487431, 51.060152028],
            [3.725774708, 51.059721388],
            [3.72594386, 51.060039321],
            [3.726994435, 51.060876407],
            [3.727648232, 51.060847235],
            [3.728117363, 51.060500468],
            [3.72955747, 51.059999546],
            [3.730848268, 51.059421109],
            [3.731322932, 51.058951599],
            [3.731994564, 51.05771471],
            [3.732530379, 51.057146643],
            [3.73373224, 51.057185285],
            [3.733939081, 51.056863347],
            [3.738060263, 51.057169741],
            [3.738787987, 51.057348219],
            [3.735386273, 51.064553699],
            [3.732967229, 51.069838288],
            [3.73058417, 51.070282748],
            [3.73029012, 51.070331863],
            [3.729028979, 51.070405793]
          ]
        ]
      }
    },
    {
      "type": "Feature",
      "properties": { "id": "gent-oostakker", "name": "Oostakker" },
      "geometry": {
        "type": "Polygon",
        "coordinates": [
          [
            [3.810781703, 51.074395314],
            [3.810600662, 51.074636501],
            [3.810594522, 51.074644683],
            [3.809904172, 51.075576142],
            [3.809894365, 51.075589372],
            [3.809890508, 51.075594578],
            [3.809682186, 51.075875649],
            [3.809666842, 51.075895931],
            [3.809240154, 51.076459914],
            [3.808811224, 51.077026846],
            [3.808772272, 51.077070675],
            [3.80869668, 51.077068019],
            [3.808334842, 51.077022267],
            [3.808111023, 51.076983742],
            [3.808092523, 51.076980557],
            [3.808085095, 51.076986316],
            [3.807969303, 51.077032997],
            [3.807914944, 51.077054912],
            [3.807661801, 51.077156966],
            [3.807660476, 51.077157591],
            [3.807622951, 51.077175322],
            [3.807595386, 51.077209891],
            [3.807428719, 51.077418906],
            [3.807328273, 51.077545526],
            [3.807002865, 51.077955722],
            [3.806869153, 51.078124486],
            [3.806825418, 51.078179686],
            [3.806753378, 51.078260128],
            [3.806641212, 51.078353787],
            [3.806612571, 51.07837385],
            [3.806590013, 51.078389652],
            [3.806528155, 51.078423936],
            [3.806507168, 51.078433119],
            [3.806496717, 51.078437692],
            [3.80640423, 51.078480127],
            [3.806293317, 51.078524792],
            [3.806054703, 51.07863374],
            [3.80584914, 51.078747481],
            [3.805817562, 51.078772824],
            [3.805743482, 51.078814187],
            [3.805400369, 51.079006335],
            [3.804982276, 51.07924047],
            [3.804778172, 51.079385503],
            [3.804687086, 51.079463866],
            [3.804491757, 51.079667325],
            [3.804366625, 51.079799546],
            [3.804005438, 51.080155888],
            [3.803418707, 51.080722133],
            [3.803378168, 51.080761255],
            [3.803328075, 51.080809889],
            [3.803238444, 51.080898802],
            [3.803240476, 51.080899842],
            [3.803312492, 51.08093584],
            [3.803522354, 51.081040741],
            [3.803505392, 51.081056722],
            [3.803500326, 51.081061627],
            [3.803188989, 51.081363112],
            [3.803156979, 51.081394775],
            [3.802803433, 51.081743875],
            [3.802771922, 51.081775396],
            [3.802749575, 51.081797007],
            [3.802766257, 51.081803078],
            [3.802915066, 51.08185723],
            [3.802908591, 51.081863932],
            [3.802907246, 51.081865324],
            [3.802485696, 51.082301659],
            [3.802427966, 51.082359321],
            [3.802305972, 51.082484881],
            [3.802250421, 51.082542057],
            [3.801854179, 51.082949874],
            [3.801072339, 51.083741513],
            [3.800875337, 51.08393628],
            [3.800844002, 51.08392812],
            [3.800785594, 51.08390818],
            [3.800724319, 51.08398833],
            [3.800600694, 51.084147442],
            [3.800256903, 51.084589911],
            [3.800050899, 51.084855038],
            [3.800042651, 51.084865652],
            [3.799915267, 51.085029595],
            [3.799865041, 51.085094178],
            [3.799799256, 51.085179429],
            [3.799788534, 51.085193232],
            [3.799683392, 51.085328593],
            [3.799660844, 51.085356986],
            [3.799659374, 51.085358837],
            [3.799560595, 51.085482336],
            [3.799566188, 51.085484751],
            [3.799802038, 51.085586571],
            [3.799802281, 51.085586676],
            [3.799802694, 51.085586854],
            [3.799762978, 51.085636375],
            [3.799760933, 51.085638938],
            [3.799751749, 51.085650442],
            [3.799747227, 51.085656107],
            [3.799746717, 51.085656747],
            [3.799733706, 51.085673044],
            [3.799716876, 51.085694126],
            [3.799622961, 51.085811761],
            [3.797939522, 51.087917586],
            [3.797812866, 51.088071011],
            [3.797464092, 51.088493485],
            [3.79739689, 51.088575311],
            [3.797618842, 51.088639376],
            [3.797919293, 51.088726099],
            [3.797931558, 51.088729646],
            [3.797912532, 51.08876425],
            [3.797888005, 51.088808051],
            [3.797079001, 51.089908876],
            [3.796209046, 51.091045927],
            [3.795759585, 51.091648688],
            [3.795750405, 51.091660997],
            [3.795635587, 51.091621388],
            [3.795533751, 51.091586258],
            [3.795529854, 51.091584913],
            [3.795529439, 51.091584761],
            [3.795520354, 51.091581417],
            [3.795511115, 51.091578017],
            [3.795492999, 51.091590632],
            [3.795423703, 51.091638884],
            [3.795398369, 51.091663369],
            [3.795373331, 51.091687569],
            [3.795355926, 51.091704392],
            [3.795282672, 51.091775193],
            [3.795260346, 51.091800423],
            [3.795182716, 51.091888156],
            [3.795024369, 51.092089214],
            [3.794987993, 51.0921354],
            [3.794874267, 51.0922798],
            [3.794795754, 51.092400289],
            [3.794782445, 51.092403506],
            [3.794768217, 51.092406945],
            [3.794718103, 51.092490504],
            [3.794563408, 51.092748434],
            [3.794997765, 51.092888173],
            [3.79573372, 51.093133091],
            [3.795871533, 51.093178953],
            [3.796595784, 51.093376288],
            [3.797287219, 51.093585694],
            [3.79813998, 51.093991792],
            [3.798671365, 51.094284653],
            [3.798651763, 51.094306349],
            [3.79865154, 51.094306595],
            [3.7985595, 51.094408605],
            [3.798439589, 51.094541504],
            [3.798439554, 51.094541543],
            [3.798187127, 51.094821307],
            [3.798015707, 51.095011289],
            [3.797881449, 51.09497555],
            [3.797549489, 51.09488718],
            [3.797531496, 51.09488239],
            [3.797211249, 51.095259838],
            [3.796850574, 51.095684925],
            [3.796804212, 51.095739566],
            [3.796802241, 51.095741889],
            [3.797636989, 51.095739985],
            [3.79740054, 51.096303705],
            [3.797384506, 51.096341931],
            [3.797375212, 51.09636409],
            [3.797349712, 51.09641892],
            [3.797334415, 51.09645181],
            [3.797281249, 51.096566124],
            [3.797257697, 51.096616763],
            [3.796961084, 51.097326678],
            [3.796934695, 51.097411819],
            [3.796895545, 51.097538126],
            [3.796864539, 51.097582711],
            [3.79682331, 51.097641999],
            [3.796820491, 51.097646053],
            [3.795987099, 51.097508511],
            [3.795981858, 51.097507646],
            [3.795772945, 51.098029833],
            [3.795490757, 51.098735154],
            [3.795349252, 51.099088835],
            [3.795342223, 51.099105281],
            [3.795336769, 51.099118282],
            [3.795272786, 51.099097007],
            [3.795193231, 51.099054227],
            [3.794909226, 51.098865432],
            [3.794651418, 51.098704625],
            [3.794345355, 51.09851372],
            [3.794237703, 51.098446571],
            [3.79417231, 51.098415028],
            [3.794091258, 51.098375934],
            [3.793937768, 51.098325242],
            [3.793749057, 51.098282225],
            [3.793576305, 51.098231439],
            [3.793425197, 51.098171481],
            [3.793105706, 51.098074314],
            [3.792756095, 51.098030511],
            [3.792422112, 51.098006049],
            [3.791939068, 51.098031518],
            [3.791533446, 51.098048181],
            [3.790555683, 51.098056632],
            [3.790397173, 51.098045866],
            [3.790247094, 51.098025153],
            [3.789977561, 51.097951055],
            [3.789862398, 51.097914131],
            [3.789717889, 51.097867797],
            [3.789626324, 51.097834535],
            [3.789623106, 51.097833365],
            [3.789610901, 51.097864795],
            [3.789607422, 51.097873942],
            [3.789578226, 51.097950677],
            [3.78953129, 51.098063394],
            [3.789244661, 51.098751739],
            [3.78919152, 51.098920834],
            [3.789187211, 51.098940288],
            [3.789182457, 51.098961759],
            [3.789169845, 51.098987261],
            [3.789116871, 51.099094377],
            [3.789133484, 51.099099555],
            [3.789340647, 51.099164125],
            [3.789331752, 51.099173873],
            [3.789278108, 51.099232667],
            [3.789119704, 51.099406278],
            [3.789062022, 51.099469497],
            [3.788899982, 51.099647091],
            [3.788751249, 51.099810098],
            [3.788575341, 51.099735849],
            [3.788563566, 51.09973088],
            [3.788495898, 51.099702317],
            [3.788476476, 51.099694119],
            [3.78820823, 51.100116927],
            [3.788182155, 51.100158026],
            [3.788093947, 51.100297054],
            [3.788064635, 51.100343256],
            [3.788054251, 51.100359621],
            [3.788024612, 51.100402758],
            [3.787552301, 51.101090146],
            [3.78733037, 51.101413131],
            [3.787310665, 51.101441077],
            [3.787266128, 51.101504241],
            [3.787255709, 51.101519016],
            [3.787228849, 51.10155819],
            [3.787543476, 51.101544927],
            [3.787513676, 51.101585338],
            [3.787456317, 51.101663893],
            [3.787448987, 51.101673933],
            [3.787447373, 51.101676142],
            [3.7874198, 51.10172135],
            [3.78697948, 51.102443274],
            [3.78712669, 51.102474458],
            [3.787729209, 51.102602088],
            [3.787722019, 51.102635381],
            [3.787593338, 51.103231162],
            [3.787593325, 51.10323122],
            [3.787441219, 51.103935438],
            [3.787439438, 51.103934916],
            [3.787165798, 51.103854692],
            [3.786795697, 51.103746185],
            [3.78674173, 51.103807713],
            [3.786727265, 51.103823299],
            [3.78660459, 51.103955487],
            [3.78663783, 51.104015578],
            [3.787035971, 51.104246056],
            [3.787283304, 51.104399169],
            [3.787568583, 51.104625627],
            [3.787804754, 51.104843283],
            [3.787880464, 51.104967489],
            [3.787908885, 51.105014115],
            [3.788171334, 51.105443926],
            [3.788297769, 51.105609946],
            [3.788315426, 51.105634767],
            [3.788354263, 51.105689364],
            [3.788363385, 51.105716079],
            [3.788379889, 51.105764412],
            [3.788559179, 51.105947889],
            [3.788577149, 51.105966278],
            [3.788838872, 51.106234109],
            [3.789558034, 51.107043615],
            [3.789655476, 51.107153296],
            [3.789777215, 51.107290323],
            [3.789823048, 51.107354059],
            [3.789851534, 51.107390579],
            [3.789858775, 51.107414334],
            [3.789866056, 51.107438217],
            [3.789748207, 51.10755846],
            [3.789584754, 51.10770036],
            [3.789304827, 51.107927702],
            [3.789184796, 51.108025183],
            [3.789154656, 51.10824187],
            [3.789145665, 51.108309526],
            [3.78916442, 51.108308321],
            [3.789235474, 51.108303759],
            [3.790126887, 51.10824652],
            [3.791030461, 51.108267385],
            [3.791632243, 51.108318499],
            [3.791839631, 51.1083535],
            [3.792660117, 51.108491496],
            [3.79291564, 51.108522101],
            [3.79496021, 51.108844422],
            [3.795625992, 51.108953564],
            [3.796193422, 51.109150138],
            [3.797145003, 51.10952568],
            [3.797956548, 51.109849426],
            [3.798363931, 51.109999569],
            [3.798599496, 51.110067001],
            [3.798794839, 51.110113033],
            [3.799141238, 51.110168216],
            [3.799494555, 51.110194639],
            [3.800227662, 51.110229066],
            [3.800582785, 51.110224847],
            [3.800595708, 51.11027049],
            [3.800640578, 51.110423594],
            [3.800669341, 51.110540846],
            [3.800675885, 51.110567522],
            [3.800679671, 51.110582957],
            [3.800680322, 51.110584975],
            [3.800705524, 51.110663269],
            [3.800770561, 51.110719714],
            [3.800824066, 51.11076615],
            [3.801339482, 51.111123593],
            [3.801366775, 51.111142522],
            [3.80145766, 51.111205556],
            [3.801173716, 51.111367779],
            [3.799960958, 51.111317701],
            [3.797732963, 51.111076606],
            [3.797648841, 51.111323679],
            [3.796575972, 51.111256686],
            [3.796038032, 51.110881315],
            [3.795702552, 51.110891345],
            [3.794576331, 51.110254677],
            [3.79400611, 51.11065683],
            [3.794164319, 51.110910136],
            [3.79348696, 51.110969621],
            [3.792736418, 51.110548394],
            [3.79165361, 51.110628925],
            [3.791570054, 51.110890884],
            [3.790823952, 51.110789199],
            [3.790821775, 51.110125404],
            [3.790302086, 51.110020188],
            [3.79016537, 51.110322336],
            [3.789199168, 51.110184729],
            [3.789233265, 51.10985469],
            [3.788724708, 51.109832951],
            [3.786887754, 51.110003695],
            [3.786664722, 51.110498819],
            [3.785314665, 51.110332601],
            [3.785393157, 51.110139584],
            [3.782692831, 51.10959558],
            [3.782292816, 51.110162292],
            [3.780954781, 51.109902401],
            [3.78112415, 51.109634274],
            [3.77992916, 51.109436181],
            [3.779438496, 51.10988122],
            [3.77875435, 51.109965447],
            [3.778136859, 51.109753505],
            [3.777801727, 51.1093653],
            [3.77260359, 51.108868792],
            [3.772088121, 51.109687984],
            [3.769322081, 51.109872578],
            [3.768902057, 51.110124807],
            [3.767322963, 51.110094583],
            [3.762921641, 51.109389057],
            [3.760774809, 51.106957716],
            [3.759205465, 51.104714436],
            [3.756072987, 51.105735198],
            [3.755209764, 51.105423682],
            [3.752635381, 51.104680335],
            [3.75322174, 51.103870021],
            [3.752116421, 51.10355722],
            [3.752810591, 51.10229282],
            [3.753886061, 51.102439021],
            [3.754329172, 51.102383179],
            [3.755229338, 51.101199334],
            [3.756533002, 51.101592772],
            [3.756935559, 51.101566628],
            [3.756351744, 51.099496109],
            [3.755947069, 51.097504468],
            [3.755747269, 51.095115137],
            [3.756025385, 51.092314363],
            [3.756201228, 51.091412571],
            [3.7563524, 51.089267903],
            [3.756148017, 51.087408901],
            [3.755528455, 51.085708562],
            [3.754598773, 51.084057169],
            [3.753187575, 51.082255778],
            [3.751358612, 51.080539547],
            [3.74950461, 51.078779333],
            [3.748032026, 51.078010747],
            [3.746856189, 51.077247498],
            [3.746234842, 51.076505143],
            [3.746020418, 51.075795973],
            [3.746167894, 51.075595618],
            [3.747835055, 51.07632761],
            [3.749947302, 51.07685755],
            [3.752099319, 51.077215461],
            [3.753807687, 51.077316937],
            [3.754370238, 51.077180395],
            [3.755728217, 51.077128747],
            [3.755690361, 51.076877977],
            [3.757641642, 51.076783179],
            [3.7593131, 51.076422424],
            [3.762493753, 51.075346624],
            [3.767371906, 51.073256183],
            [3.767691287, 51.073394334],
            [3.772794751, 51.071407208],
            [3.776703131, 51.073438912],
            [3.778881459, 51.075030228],
            [3.781455406, 51.077221952],
            [3.782364989, 51.078058954],
            [3.783657118, 51.07888689],
            [3.784739469, 51.079473596],
            [3.789475584, 51.081663458],
            [3.791439003, 51.082502185],
            [3.799727072, 51.07822794],
            [3.802025795, 51.07698263],
            [3.803865061, 51.075417227],
            [3.805392531, 51.07376772],
            [3.806443537, 51.072196123],
            [3.806484125, 51.072163687],
            [3.806959647, 51.072399857],
            [3.806992722, 51.072412797],
            [3.807401059, 51.072606173],
            [3.80850693, 51.073119665],
            [3.808791025, 51.073260862],
            [3.808845152, 51.073280622],
            [3.809193402, 51.073455657],
            [3.809242503, 51.073485382],
            [3.809707873, 51.073714365],
            [3.809830181, 51.07376958],
            [3.809946012, 51.073824765],
            [3.810053382, 51.073878776],
            [3.810075246, 51.073886754],
            [3.810168332, 51.073933687],
            [3.810282972, 51.073985917],
            [3.810396923, 51.07403969],
            [3.810510514, 51.074096122],
            [3.810876997, 51.074268221],
            [3.810870994, 51.074276313],
            [3.810869279, 51.074278643],
            [3.810868168, 51.074280122],
            [3.810866258, 51.074282667],
            [3.810862842, 51.074287217],
            [3.810859428, 51.074291767],
            [3.81081245, 51.074354351],
            [3.810805012, 51.074364261],
            [3.810781703, 51.074395314]
          ]
        ]
      }
    },
    {
      "type": "Feature",
      "properties": { "id": "gent-oud-gentbrugge", "name": "Oud Gentbrugge" },
      "geometry": {
        "type": "Polygon",
        "coordinates": [
          [
            [3.741116195, 51.043135254],
            [3.740679173, 51.042577838],
            [3.740085344, 51.041986765],
            [3.740820957, 51.041697931],
            [3.740823237, 51.041691821],
            [3.745578351, 51.03952795],
            [3.748522183, 51.0379254],
            [3.748761742, 51.038088327],
            [3.752330124, 51.036291902],
            [3.752183961, 51.036124414],
            [3.754381036, 51.034976826],
            [3.7547108, 51.034707741],
            [3.756586026, 51.033368396],
            [3.757210828, 51.034053702],
            [3.757734533, 51.03472893],
            [3.758040755, 51.035324653],
            [3.758105101, 51.035934152],
            [3.762964542, 51.037195388],
            [3.762842312, 51.038619984],
            [3.762623696, 51.039503602],
            [3.762242329, 51.040283567],
            [3.759729964, 51.039723956],
            [3.759357081, 51.040430217],
            [3.757361065, 51.040501349],
            [3.757368978, 51.041312251],
            [3.759791999, 51.042279479],
            [3.760153164, 51.041995794],
            [3.762444956, 51.042815089],
            [3.759270598, 51.044690264],
            [3.764061392, 51.046742288],
            [3.764564377, 51.047142219],
            [3.764746798, 51.047648939],
            [3.764624651, 51.048213653],
            [3.763751549, 51.049055711],
            [3.758036596, 51.047457207],
            [3.755135819, 51.046704327],
            [3.753625606, 51.046487458],
            [3.752541601, 51.04653742],
            [3.75061966, 51.046977386],
            [3.749674446, 51.047180164],
            [3.748606772, 51.047156436],
            [3.747720174, 51.046936869],
            [3.747255575, 51.046686093],
            [3.745039607, 51.045641328],
            [3.743198655, 51.044485162],
            [3.741116195, 51.043135254]
          ]
        ]
      }
    },
    {
      "type": "Feature",
      "properties": {
        "id": "gent-macharius-heirnis",
        "name": "Macharius - Heirnis"
      },
      "geometry": {
        "type": "Polygon",
        "coordinates": [
          [
            [3.732530379, 51.057146643],
            [3.733390755, 51.056243928],
            [3.734174531, 51.054733598],
            [3.734551214, 51.0535364],
            [3.73544538, 51.050983477],
            [3.737616602, 51.048281059],
            [3.737860724, 51.04765115],
            [3.737639986, 51.045618671],
            [3.737781866, 51.044820086],
            [3.73901685, 51.043017593],
            [3.739716703, 51.042675241],
            [3.740679173, 51.042577838],
            [3.741116195, 51.043135254],
            [3.743198655, 51.044485162],
            [3.745039607, 51.045641328],
            [3.747255575, 51.046686093],
            [3.743536722, 51.050116207],
            [3.742309916, 51.051264537],
            [3.741394916, 51.052371954],
            [3.738787987, 51.057348219],
            [3.738060263, 51.057169741],
            [3.733939081, 51.056863347],
            [3.73373224, 51.057185285],
            [3.732530379, 51.057146643]
          ]
        ]
      }
    },
    {
      "type": "Feature",
      "properties": {
        "id": "gent-brugse-poort",
        "name": "Brugse Poort - Rooigem"
      },
      "geometry": {
        "type": "Polygon",
        "coordinates": [
          [
            [3.698415487, 51.053597929],
            [3.69902164, 51.053185617],
            [3.6996865, 51.053163687],
            [3.700242741, 51.053226115],
            [3.708483538, 51.0566542],
            [3.708026445, 51.057206448],
            [3.706200918, 51.059624154],
            [3.705676427, 51.060280936],
            [3.701398387, 51.064368979],
            [3.699657605, 51.065960471],
            [3.697828017, 51.067596097],
            [3.693203248, 51.070002141],
            [3.69054455, 51.068255048],
            [3.688359495, 51.066625099],
            [3.686670306, 51.065296027],
            [3.685917325, 51.064515642],
            [3.685247473, 51.063577439],
            [3.68598581, 51.062531934],
            [3.684114335, 51.061474115],
            [3.683826622, 51.0610293],
            [3.683956365, 51.060395184],
            [3.684405991, 51.059788487],
            [3.685578929, 51.059123057],
            [3.686571581, 51.058385078],
            [3.687067696, 51.057773163],
            [3.686114796, 51.057612586],
            [3.684548369, 51.057563899],
            [3.683601766, 51.05778117],
            [3.681394894, 51.058576103],
            [3.680584455, 51.058556909],
            [3.679435374, 51.058309033],
            [3.678451927, 51.057711671],
            [3.677787072, 51.057539228],
            [3.676243889, 51.057961664],
            [3.675560186, 51.058069171],
            [3.675188539, 51.057723004],
            [3.675039884, 51.057203699],
            [3.673991607, 51.056444672],
            [3.672920453, 51.055720194],
            [3.672803864, 51.055249674],
            [3.673004556, 51.054664304],
            [3.673287788, 51.054358091],
            [3.673158246, 51.054054639],
            [3.672564296, 51.053449691],
            [3.67272509, 51.053276893],
            [3.685836959, 51.054939046],
            [3.686109273, 51.054451266],
            [3.686241879, 51.053517847],
            [3.685977023, 51.053043392],
            [3.686063755, 51.052635301],
            [3.686661786, 51.053009431],
            [3.687382753, 51.053274711],
            [3.688740767, 51.053447306],
            [3.689487554, 51.05339332],
            [3.690563719, 51.053008198],
            [3.691146826, 51.052945535],
            [3.691959847, 51.053126619],
            [3.69271597, 51.053181802],
            [3.692673451, 51.052483763],
            [3.693238856, 51.05136081],
            [3.693825935, 51.050610755],
            [3.694544565, 51.050272289],
            [3.695212936, 51.050189305],
            [3.696784276, 51.050547028],
            [3.69765371, 51.0503743],
            [3.698399986, 51.051255002],
            [3.697524812, 51.05244181],
            [3.697594615, 51.053091544],
            [3.698415487, 51.053597929]
          ]
        ]
      }
    },
    {
      "type": "Feature",
      "properties": { "id": "gent-wondelgem", "name": "Wondelgem" },
      "geometry": {
        "type": "Polygon",
        "coordinates": [
          [
            [3.684409919, 51.09290448],
            [3.687212246, 51.089640059],
            [3.692932834, 51.083456498],
            [3.693383774, 51.082928154],
            [3.692961383, 51.082822781],
            [3.69610335, 51.079184367],
            [3.698326641, 51.077004914],
            [3.698501564, 51.077214766],
            [3.698937069, 51.077624283],
            [3.701603267, 51.078622445],
            [3.703029045, 51.079526049],
            [3.70423462, 51.078933797],
            [3.705040217, 51.078643654],
            [3.706645945, 51.076689654],
            [3.707352842, 51.075790763],
            [3.70974789, 51.07595628],
            [3.710556078, 51.076284543],
            [3.712057607, 51.076603318],
            [3.714602895, 51.07689528],
            [3.715123267, 51.076793524],
            [3.71643491, 51.07694166],
            [3.716816994, 51.07605061],
            [3.717396553, 51.07531529],
            [3.718155411, 51.074583485],
            [3.719142159, 51.073968104],
            [3.720303118, 51.073513513],
            [3.721833145, 51.073228077],
            [3.723072332, 51.073249051],
            [3.723839624, 51.073013067],
            [3.722163324, 51.072946024],
            [3.720468338, 51.072707217],
            [3.719041397, 51.072191757],
            [3.717890448, 51.071414306],
            [3.717151734, 51.07058968],
            [3.716651344, 51.069581948],
            [3.716594975, 51.068571049],
            [3.716844317, 51.0676662],
            [3.717164204, 51.066785336],
            [3.723273349, 51.067723463],
            [3.725007821, 51.067996718],
            [3.727428441, 51.068117493],
            [3.727823608, 51.068228915],
            [3.728835603, 51.070135209],
            [3.728171444, 51.070423613],
            [3.727607133, 51.070884335],
            [3.727310753, 51.071534443],
            [3.727146791, 51.073079415],
            [3.726487312, 51.079549176],
            [3.725878408, 51.084961704],
            [3.726041954, 51.086295662],
            [3.726558426, 51.087313126],
            [3.72790251, 51.089212651],
            [3.729672542, 51.092013803],
            [3.732659105, 51.098300841],
            [3.733441765, 51.099687134],
            [3.735069419, 51.101944284],
            [3.737641744, 51.105339652],
            [3.739364429, 51.107121666],
            [3.742919234, 51.110064823],
            [3.746905085, 51.113247084],
            [3.743917986, 51.115505684],
            [3.743490716, 51.115247751],
            [3.742807369, 51.11478035],
            [3.740080095, 51.113520195],
            [3.739887823, 51.113523235],
            [3.739841337, 51.113507447],
            [3.739730118, 51.113469675],
            [3.739658381, 51.113445311],
            [3.738182813, 51.112749499],
            [3.737547749, 51.112458442],
            [3.736998792, 51.112206842],
            [3.734945897, 51.111265908],
            [3.733779312, 51.110693861],
            [3.733645329, 51.11081847],
            [3.733629007, 51.110833649],
            [3.733549156, 51.11086496],
            [3.733400658, 51.110997451],
            [3.733331953, 51.111102847],
            [3.733235804, 51.111133369],
            [3.733140214, 51.111116423],
            [3.733047066, 51.111091057],
            [3.733039611, 51.111089049],
            [3.733025497, 51.111085188],
            [3.732834931, 51.110963088],
            [3.73275981, 51.110917459],
            [3.732697149, 51.110881732],
            [3.732614629, 51.110862455],
            [3.732500574, 51.110872951],
            [3.732423199, 51.110975199],
            [3.732281421, 51.111015443],
            [3.731972587, 51.110952256],
            [3.731643226, 51.110806798],
            [3.731012841, 51.110434142],
            [3.730673761, 51.110199717],
            [3.730409127, 51.110085501],
            [3.730180495, 51.110121902],
            [3.729831632, 51.110212297],
            [3.729548807, 51.110238156],
            [3.729364836, 51.110189266],
            [3.729268976, 51.110150543],
            [3.729166103, 51.110102514],
            [3.729084208, 51.110054456],
            [3.728997355, 51.11005047],
            [3.728872041, 51.110077181],
            [3.728730014, 51.110134562],
            [3.728561026, 51.11018154],
            [3.728428009, 51.110176324],
            [3.728252592, 51.110090965],
            [3.728042656, 51.109949641],
            [3.727864626, 51.109866514],
            [3.727658233, 51.109858652],
            [3.727500678, 51.109861168],
            [3.727386108, 51.109811393],
            [3.727375505, 51.109788009],
            [3.727321326, 51.109736027],
            [3.727180176, 51.10958356],
            [3.727148515, 51.109549409],
            [3.726938092, 51.109411748],
            [3.726927817, 51.109405086],
            [3.726807605, 51.109327395],
            [3.726682762, 51.109295884],
            [3.726536145, 51.109298601],
            [3.726361501, 51.109359173],
            [3.726159407, 51.109436728],
            [3.72597362, 51.109414502],
            [3.725901482, 51.109395574],
            [3.725687509, 51.109217297],
            [3.725603136, 51.109130731],
            [3.725452527, 51.108976116],
            [3.725242558, 51.108920192],
            [3.725107745, 51.108883923],
            [3.724824822, 51.108618176],
            [3.723906635, 51.1077557],
            [3.721642319, 51.105896895],
            [3.720329167, 51.104863807],
            [3.720315135, 51.104865413],
            [3.71858836, 51.105062943],
            [3.717823565, 51.105097981],
            [3.717457964, 51.105114728],
            [3.716382694, 51.10510205],
            [3.715291661, 51.105051484],
            [3.713128831, 51.104748893],
            [3.711672143, 51.104381095],
            [3.711629901, 51.104362315],
            [3.711509102, 51.104330181],
            [3.710791744, 51.104138959],
            [3.710474929, 51.104037333],
            [3.709420705, 51.103633258],
            [3.708756946, 51.103376586],
            [3.708554208, 51.103285984],
            [3.707272387, 51.102674855],
            [3.704811003, 51.101411125],
            [3.703357795, 51.100726087],
            [3.703049439, 51.100579533],
            [3.699891385, 51.099009505],
            [3.698043995, 51.098090986],
            [3.697885397, 51.098012128],
            [3.694749274, 51.096512596],
            [3.694438187, 51.096378751],
            [3.693405776, 51.095934542],
            [3.691811129, 51.09524839],
            [3.689948537, 51.094569767],
            [3.68935053, 51.094351877],
            [3.688950331, 51.094206058],
            [3.686490877, 51.09348706],
            [3.685721896, 51.093288865],
            [3.68551084, 51.093234467],
            [3.685440844, 51.093216371],
            [3.684823547, 51.093064752],
            [3.68437637, 51.092962876],
            [3.684409919, 51.09290448]
          ]
        ]
      }
    },
    {
      "type": "Feature",
      "properties": { "id": "gent-binnenstad", "name": "Binnenstad" },
      "geometry": {
        "type": "Polygon",
        "coordinates": [
          [
            [3.724487431, 51.060152028],
            [3.721355271, 51.058963465],
            [3.720968127, 51.058423809],
            [3.719920506, 51.05811719],
            [3.720106806, 51.056726705],
            [3.720941412, 51.055891357],
            [3.720494712, 51.054834207],
            [3.720662468, 51.053718774],
            [3.720816559, 51.052269537],
            [3.720165788, 51.050663901],
            [3.720001312, 51.049707884],
            [3.719933593, 51.048982188],
            [3.720627174, 51.046927171],
            [3.720973481, 51.044957889],
            [3.720860958, 51.044474658],
            [3.720025712, 51.043753448],
            [3.717220737, 51.04261179],
            [3.719067213, 51.041679224],
            [3.719353875, 51.041909891],
            [3.725132311, 51.038791664],
            [3.725845047, 51.038666193],
            [3.725848437, 51.038663685],
            [3.726648066, 51.038257843],
            [3.72665743, 51.03826154],
            [3.729741776, 51.038312072],
            [3.732677953, 51.035314],
            [3.733121649, 51.035326226],
            [3.733127858, 51.03631382],
            [3.733470153, 51.037085796],
            [3.734528187, 51.037697429],
            [3.736130611, 51.037954509],
            [3.736735819, 51.038018433],
            [3.737255101, 51.038085826],
            [3.737750305, 51.037980887],
            [3.737565266, 51.038503524],
            [3.738155569, 51.038930724],
            [3.738778128, 51.040282168],
            [3.739204017, 51.041109491],
            [3.740085344, 51.041986765],
            [3.740679173, 51.042577838],
            [3.739716703, 51.042675241],
            [3.73901685, 51.043017593],
            [3.737781866, 51.044820086],
            [3.737639986, 51.045618671],
            [3.737860724, 51.04765115],
            [3.737616602, 51.048281059],
            [3.73544538, 51.050983477],
            [3.734551214, 51.0535364],
            [3.734174531, 51.054733598],
            [3.733390755, 51.056243928],
            [3.732530379, 51.057146643],
            [3.731994564, 51.05771471],
            [3.731322932, 51.058951599],
            [3.730848268, 51.059421109],
            [3.72955747, 51.059999546],
            [3.728117363, 51.060500468],
            [3.727648232, 51.060847235],
            [3.726994435, 51.060876407],
            [3.72594386, 51.060039321],
            [3.725774708, 51.059721388],
            [3.724487431, 51.060152028]
          ]
        ]
      }
    },
    {
      "type": "Feature",
      "properties": { "id": "gent-mariakerke", "name": "Mariakerke" },
      "geometry": {
        "type": "Polygon",
        "coordinates": [
          [
            [3.662083418, 51.08037037],
            [3.662016551, 51.080213202],
            [3.661864134, 51.079954707],
            [3.661412754, 51.079653028],
            [3.661260434, 51.079580902],
            [3.660760263, 51.079325079],
            [3.66051681, 51.079123894],
            [3.660267099, 51.078937549],
            [3.659877452, 51.078694745],
            [3.659522632, 51.078478129],
            [3.659406081, 51.078421947],
            [3.658991902, 51.078245711],
            [3.658870342, 51.078189633],
            [3.657878776, 51.079092528],
            [3.657633465, 51.07543316],
            [3.657593929, 51.071481989],
            [3.65787927, 51.068363018],
            [3.658382196, 51.06619513],
            [3.658943849, 51.064282102],
            [3.659391161, 51.063513539],
            [3.660656124, 51.062239038],
            [3.66231437, 51.060716584],
            [3.664495811, 51.058802966],
            [3.666697324, 51.057173854],
            [3.669371242, 51.055389629],
            [3.672004268, 51.053973664],
            [3.672564296, 51.053449691],
            [3.673158246, 51.054054639],
            [3.673287788, 51.054358091],
            [3.673004556, 51.054664304],
            [3.672803864, 51.055249674],
            [3.672920453, 51.055720194],
            [3.673991607, 51.056444672],
            [3.675039884, 51.057203699],
            [3.675188539, 51.057723004],
            [3.675560186, 51.058069171],
            [3.676243889, 51.057961664],
            [3.677787072, 51.057539228],
            [3.678451927, 51.057711671],
            [3.679435374, 51.058309033],
            [3.680584455, 51.058556909],
            [3.681394894, 51.058576103],
            [3.683601766, 51.05778117],
            [3.684548369, 51.057563899],
            [3.686114796, 51.057612586],
            [3.687067696, 51.057773163],
            [3.686571581, 51.058385078],
            [3.685578929, 51.059123057],
            [3.684405991, 51.059788487],
            [3.683956365, 51.060395184],
            [3.683826622, 51.0610293],
            [3.684114335, 51.061474115],
            [3.68598581, 51.062531934],
            [3.685247473, 51.063577439],
            [3.685917325, 51.064515642],
            [3.686670306, 51.065296027],
            [3.688359495, 51.066625099],
            [3.69054455, 51.068255048],
            [3.693203248, 51.070002141],
            [3.693006964, 51.070148357],
            [3.695696901, 51.071666906],
            [3.699177539, 51.073391297],
            [3.701887038, 51.074659238],
            [3.703747111, 51.075564586],
            [3.706645945, 51.076689654],
            [3.705040217, 51.078643654],
            [3.70423462, 51.078933797],
            [3.703029045, 51.079526049],
            [3.701603267, 51.078622445],
            [3.698937069, 51.077624283],
            [3.698501564, 51.077214766],
            [3.698326641, 51.077004914],
            [3.69610335, 51.079184367],
            [3.692961383, 51.082822781],
            [3.693383774, 51.082928154],
            [3.692932834, 51.083456498],
            [3.687212246, 51.089640059],
            [3.684409919, 51.09290448],
            [3.68437637, 51.092962876],
            [3.684177654, 51.092917603],
            [3.68394342, 51.092866939],
            [3.681331967, 51.092241759],
            [3.680203571, 51.091979547],
            [3.678826676, 51.091666574],
            [3.674227786, 51.090621716],
            [3.670821046, 51.089861698],
            [3.669647904, 51.089742677],
            [3.668540708, 51.089502806],
            [3.66711414, 51.089189401],
            [3.666795553, 51.089044979],
            [3.666512928, 51.088916858],
            [3.66544847, 51.088677213],
            [3.663794847, 51.088308622],
            [3.663311652, 51.088206287],
            [3.663200464, 51.088192238],
            [3.662573075, 51.088112966],
            [3.662076089, 51.088015882],
            [3.659964259, 51.08743071],
            [3.659690403, 51.087349573],
            [3.659679305, 51.08734628],
            [3.659196402, 51.087203334],
            [3.660102166, 51.086783882],
            [3.663237839, 51.085261591],
            [3.663844874, 51.084964924],
            [3.666297422, 51.083632063],
            [3.666862937, 51.083324711],
            [3.667209645, 51.083136275],
            [3.666894531, 51.082964638],
            [3.666787299, 51.08287968],
            [3.66427248, 51.08147727],
            [3.664138599, 51.081410185],
            [3.663838592, 51.081237868],
            [3.663569304, 51.081132236],
            [3.66337843, 51.081094704],
            [3.663120537, 51.081069617],
            [3.662891604, 51.08100189],
            [3.662620202, 51.080896091],
            [3.662519015, 51.080845538],
            [3.66250875, 51.080839688],
            [3.66241906, 51.080788572],
            [3.662331669, 51.080724545],
            [3.662257904, 51.080658459],
            [3.662183448, 51.080577395],
            [3.66213257, 51.0804859],
            [3.662083418, 51.08037037]
          ]
        ]
      }
    },
    {
      "type": "Feature",
      "properties": { "id": "gent-gentbrugge", "name": "Gentbrugge" },
      "geometry": {
        "type": "Polygon",
        "coordinates": [
          [
            [3.786944222, 51.030832042],
            [3.786959233, 51.030942042],
            [3.788311084, 51.030908844],
            [3.788899002, 51.030894562],
            [3.788901284, 51.030901981],
            [3.78898617, 51.0311784],
            [3.789161864, 51.031750502],
            [3.789214311, 51.03200415],
            [3.789261065, 51.032465916],
            [3.789306029, 51.033062099],
            [3.789359286, 51.033602283],
            [3.789427859, 51.034001375],
            [3.789593356, 51.034389716],
            [3.789786533, 51.034747565],
            [3.790127125, 51.035271037],
            [3.790387465, 51.035566147],
            [3.791050954, 51.03616466],
            [3.791553016, 51.036594657],
            [3.792236119, 51.037257316],
            [3.792677736, 51.037893918],
            [3.792752392, 51.038001597],
            [3.792800068, 51.038100424],
            [3.793100734, 51.038723984],
            [3.793258952, 51.039556829],
            [3.79326391, 51.039595212],
            [3.793380292, 51.040496231],
            [3.793392801, 51.040810628],
            [3.793352179, 51.041334341],
            [3.793239941, 51.041820336],
            [3.793029669, 51.042594029],
            [3.793012541, 51.04265705],
            [3.792892754, 51.042888477],
            [3.792806012, 51.043056063],
            [3.792683434, 51.043284969],
            [3.792267885, 51.043938873],
            [3.791926552, 51.044418112],
            [3.791794251, 51.044603864],
            [3.791749389, 51.04464513],
            [3.791225208, 51.04512729],
            [3.790564995, 51.045734559],
            [3.790087879, 51.046173393],
            [3.790033865, 51.046218074],
            [3.789367675, 51.04655675],
            [3.789228528, 51.046627489],
            [3.788736915, 51.046877472],
            [3.787309335, 51.04752146],
            [3.787015956, 51.047637827],
            [3.786295721, 51.0479235],
            [3.785671186, 51.048071664],
            [3.783642379, 51.048552951],
            [3.780927692, 51.049162522],
            [3.780014416, 51.049348844],
            [3.779631419, 51.049426968],
            [3.778600259, 51.049637297],
            [3.777406729, 51.049790743],
            [3.776757596, 51.049870636],
            [3.776090543, 51.049914893],
            [3.776038333, 51.049916942],
            [3.774418441, 51.049980505],
            [3.773183946, 51.050093385],
            [3.77292818, 51.050106574],
            [3.772003259, 51.050154269],
            [3.771840829, 51.050147215],
            [3.771391793, 51.050127712],
            [3.770513805, 51.050129311],
            [3.769150404, 51.050083617],
            [3.766987278, 51.049798002],
            [3.766952809, 51.04979345],
            [3.766944558, 51.049815965],
            [3.765960533, 51.049614103],
            [3.763751549, 51.049055711],
            [3.764624651, 51.048213653],
            [3.764746798, 51.047648939],
            [3.764564377, 51.047142219],
            [3.764061392, 51.046742288],
            [3.759270598, 51.044690264],
            [3.762444956, 51.042815089],
            [3.760153164, 51.041995794],
            [3.759791999, 51.042279479],
            [3.757368978, 51.041312251],
            [3.757361065, 51.040501349],
            [3.759357081, 51.040430217],
            [3.759729964, 51.039723956],
            [3.762242329, 51.040283567],
            [3.762623696, 51.039503602],
            [3.762842312, 51.038619984],
            [3.762964542, 51.037195388],
            [3.758105101, 51.035934152],
            [3.758040755, 51.035324653],
            [3.757734533, 51.03472893],
            [3.757210828, 51.034053702],
            [3.756586026, 51.033368396],
            [3.757668173, 51.032659783],
            [3.758732594, 51.032172429],
            [3.760013491, 51.031857682],
            [3.76098912, 51.031703998],
            [3.768660972, 51.027889278],
            [3.770511284, 51.026642989],
            [3.77146909, 51.025840494],
            [3.771605156, 51.02573],
            [3.771671575, 51.02576253],
            [3.771739038, 51.025795571],
            [3.771739629, 51.025798555],
            [3.771743959, 51.025820387],
            [3.771750189, 51.025851791],
            [3.771763407, 51.02586834],
            [3.771802717, 51.025888137],
            [3.772349531, 51.026080411],
            [3.772383308, 51.026092287],
            [3.772454956, 51.026117626],
            [3.772811382, 51.026270033],
            [3.77300169, 51.026356023],
            [3.773709254, 51.02670612],
            [3.773293214, 51.026906532],
            [3.772784845, 51.027141012],
            [3.773352569, 51.027377368],
            [3.773368544, 51.027415024],
            [3.773371792, 51.027422681],
            [3.773973052, 51.027679533],
            [3.777395024, 51.029141248],
            [3.777416665, 51.029150492],
            [3.777578591, 51.029219655],
            [3.777601839, 51.029229606],
            [3.777613893, 51.029234764],
            [3.777635677, 51.029243977],
            [3.778360867, 51.029550646],
            [3.778380559, 51.029558625],
            [3.77854114, 51.02962102],
            [3.77860891, 51.029640045],
            [3.778872157, 51.029683098],
            [3.77889779, 51.029687291],
            [3.781121631, 51.030068668],
            [3.781748964, 51.030176243],
            [3.781765517, 51.0301792],
            [3.781771853, 51.030180331],
            [3.781785483, 51.030182652],
            [3.781801416, 51.030185395],
            [3.781860044, 51.030105178],
            [3.782141909, 51.029782861],
            [3.782191801, 51.029725806],
            [3.782238543, 51.029697854],
            [3.782287351, 51.02968561],
            [3.782374662, 51.029686928],
            [3.782393128, 51.029687206],
            [3.782441847, 51.029682097],
            [3.782714362, 51.029606035],
            [3.782754849, 51.029580549],
            [3.782771152, 51.029558492],
            [3.782815275, 51.029498794],
            [3.782831744, 51.029494445],
            [3.782845067, 51.029490925],
            [3.783919933, 51.029662946],
            [3.784196275, 51.02970848],
            [3.78448068, 51.029755342],
            [3.784690661, 51.029789939],
            [3.784745119, 51.029798911],
            [3.784991325, 51.029792148],
            [3.785307626, 51.029783459],
            [3.785342346, 51.029781727],
            [3.78545308, 51.029779713],
            [3.785671316, 51.029775744],
            [3.786662742, 51.029748772],
            [3.786703418, 51.029747665],
            [3.78672541, 51.029814251],
            [3.786780067, 51.030014329],
            [3.786835654, 51.030217806],
            [3.786850154, 51.030286358],
            [3.786905403, 51.030547562],
            [3.786944222, 51.030832042]
          ]
        ]
      }
    },
    {
      "type": "Feature",
      "properties": { "id": "gent-bloemekenswijk", "name": "Bloemekenswijk" },
      "geometry": {
        "type": "Polygon",
        "coordinates": [
          [
            [3.706645945, 51.076689654],
            [3.703747111, 51.075564586],
            [3.701887038, 51.074659238],
            [3.699177539, 51.073391297],
            [3.695696901, 51.071666906],
            [3.693006964, 51.070148357],
            [3.693203248, 51.070002141],
            [3.697828017, 51.067596097],
            [3.699657605, 51.065960471],
            [3.701398387, 51.064368979],
            [3.70247769, 51.064534078],
            [3.709166467, 51.065576921],
            [3.712235788, 51.066057973],
            [3.717164204, 51.066785336],
            [3.716844317, 51.0676662],
            [3.716594975, 51.068571049],
            [3.716651344, 51.069581948],
            [3.717151734, 51.07058968],
            [3.717890448, 51.071414306],
            [3.719041397, 51.072191757],
            [3.720468338, 51.072707217],
            [3.722163324, 51.072946024],
            [3.723839624, 51.073013067],
            [3.723072332, 51.073249051],
            [3.721833145, 51.073228077],
            [3.720303118, 51.073513513],
            [3.719142159, 51.073968104],
            [3.718155411, 51.074583485],
            [3.717396553, 51.07531529],
            [3.716816994, 51.07605061],
            [3.71643491, 51.07694166],
            [3.715123267, 51.076793524],
            [3.714602895, 51.07689528],
            [3.712057607, 51.076603318],
            [3.710556078, 51.076284543],
            [3.70974789, 51.07595628],
            [3.707352842, 51.075790763],
            [3.706645945, 51.076689654]
          ]
        ]
      }
    },
    {
      "type": "Feature",
      "properties": { "id": "gent-ledeberg", "name": "Ledeberg" },
      "geometry": {
        "type": "Polygon",
        "coordinates": [
          [
            [3.745445678, 51.026990665],
            [3.74548991, 51.026882302],
            [3.745621368, 51.026903642],
            [3.745786165, 51.026930946],
            [3.745813405, 51.026935458],
            [3.746177414, 51.026995759],
            [3.746162271, 51.027034106],
            [3.746529585, 51.027103605],
            [3.746868965, 51.027167816],
            [3.746889015, 51.027171609],
            [3.746960658, 51.027185165],
            [3.747030264, 51.027198335],
            [3.747086492, 51.027208973],
            [3.74728527, 51.02724658],
            [3.747351959, 51.027258803],
            [3.747670924, 51.027462553],
            [3.746768916, 51.028516712],
            [3.748231216, 51.02890815],
            [3.752175461, 51.02673756],
            [3.752219963, 51.027799235],
            [3.75240612, 51.028708973],
            [3.752773789, 51.029383549],
            [3.753166445, 51.029886193],
            [3.756586026, 51.033368396],
            [3.7547108, 51.034707741],
            [3.754381036, 51.034976826],
            [3.752183961, 51.036124414],
            [3.752330124, 51.036291902],
            [3.748761742, 51.038088327],
            [3.748522183, 51.0379254],
            [3.745578351, 51.03952795],
            [3.740823237, 51.041691821],
            [3.740820957, 51.041697931],
            [3.740085344, 51.041986765],
            [3.739204017, 51.041109491],
            [3.738778128, 51.040282168],
            [3.738155569, 51.038930724],
            [3.737565266, 51.038503524],
            [3.737750305, 51.037980887],
            [3.737255101, 51.038085826],
            [3.736735819, 51.038018433],
            [3.736130611, 51.037954509],
            [3.734528187, 51.037697429],
            [3.733470153, 51.037085796],
            [3.733127858, 51.03631382],
            [3.733121649, 51.035326226],
            [3.733274367, 51.034832496],
            [3.733884459, 51.033825467],
            [3.734525554, 51.03225396],
            [3.735310635, 51.031348011],
            [3.736495034, 51.030964458],
            [3.737648202, 51.030963615],
            [3.738965044, 51.031338798],
            [3.739927199, 51.031413742],
            [3.742237818, 51.030642991],
            [3.743255149, 51.029879104],
            [3.744541142, 51.028457461],
            [3.745445678, 51.026990665]
          ]
        ]
      }
    },
    {
      "type": "Feature",
      "properties": {
        "id": "gent-stationsbuurt-noord",
        "name": "Stationsbuurt-Noord"
      },
      "geometry": {
        "type": "Polygon",
        "coordinates": [
          [
            [3.698283253, 51.044168016],
            [3.698279447, 51.044164865],
            [3.697583163, 51.043914571],
            [3.697020648, 51.04369077],
            [3.696320974, 51.043271323],
            [3.696309702, 51.043269255],
            [3.696307255, 51.043260285],
            [3.694767192, 51.042255642],
            [3.692186532, 51.041041625],
            [3.69150381, 51.040461263],
            [3.690867456, 51.039502909],
            [3.692128677, 51.039223759],
            [3.707461773, 51.035729916],
            [3.708831163, 51.035403719],
            [3.708941421, 51.035562773],
            [3.715785674, 51.03398561],
            [3.720937566, 51.03281761],
            [3.726174718, 51.031650693],
            [3.726299968, 51.031824701],
            [3.728143481, 51.03152081],
            [3.730381407, 51.031473958],
            [3.73242111, 51.03170382],
            [3.734525554, 51.03225396],
            [3.733884459, 51.033825467],
            [3.733274367, 51.034832496],
            [3.733121649, 51.035326226],
            [3.732677953, 51.035314],
            [3.729741776, 51.038312072],
            [3.72665743, 51.03826154],
            [3.726648066, 51.038257843],
            [3.725848437, 51.038663685],
            [3.725845047, 51.038666193],
            [3.725132311, 51.038791664],
            [3.719353875, 51.041909891],
            [3.719067213, 51.041679224],
            [3.717220737, 51.04261179],
            [3.714983693, 51.041494142],
            [3.714015895, 51.041340588],
            [3.713186127, 51.041616753],
            [3.711046465, 51.042849015],
            [3.710524854, 51.043033475],
            [3.708719365, 51.043270588],
            [3.706645256, 51.043279606],
            [3.705001714, 51.043611257],
            [3.701627362, 51.044342681],
            [3.69998862, 51.044418796],
            [3.698285854, 51.044165009],
            [3.698283253, 51.044168016]
          ]
        ]
      }
    },
    {
      "type": "Feature",
      "properties": { "id": "gent-sint-amandsberg", "name": "Sint-Amandsberg" },
      "geometry": {
        "type": "Polygon",
        "coordinates": [
          [
            [3.806443537, 51.072196123],
            [3.805392531, 51.07376772],
            [3.803865061, 51.075417227],
            [3.802025795, 51.07698263],
            [3.799727072, 51.07822794],
            [3.791439003, 51.082502185],
            [3.789475584, 51.081663458],
            [3.784739469, 51.079473596],
            [3.783657118, 51.07888689],
            [3.782364989, 51.078058954],
            [3.781455406, 51.077221952],
            [3.778881459, 51.075030228],
            [3.776703131, 51.073438912],
            [3.772794751, 51.071407208],
            [3.767691287, 51.073394334],
            [3.767371906, 51.073256183],
            [3.762493753, 51.075346624],
            [3.7593131, 51.076422424],
            [3.757641642, 51.076783179],
            [3.755690361, 51.076877977],
            [3.755728217, 51.077128747],
            [3.754370238, 51.077180395],
            [3.753807687, 51.077316937],
            [3.752099319, 51.077215461],
            [3.749947302, 51.07685755],
            [3.747835055, 51.07632761],
            [3.746167894, 51.075595618],
            [3.746359368, 51.075154613],
            [3.745447245, 51.074468586],
            [3.744832314, 51.073675832],
            [3.744685063, 51.072855632],
            [3.745148074, 51.071787523],
            [3.74586254, 51.070509494],
            [3.746775666, 51.069595446],
            [3.747165066, 51.068860805],
            [3.747377329, 51.068101914],
            [3.747407752, 51.06799308],
            [3.745719814, 51.067019243],
            [3.746008395, 51.065484173],
            [3.745856266, 51.065139953],
            [3.745682722, 51.064998299],
            [3.742936908, 51.062757246],
            [3.742956944, 51.062325307],
            [3.74412949, 51.05894848],
            [3.74501933, 51.058019713],
            [3.749219809, 51.059041763],
            [3.755246222, 51.052967323],
            [3.755247424, 51.052696949],
            [3.75468958, 51.051884873],
            [3.755735041, 51.051817976],
            [3.756077088, 51.051870178],
            [3.757576234, 51.052574066],
            [3.759144483, 51.053433625],
            [3.761543904, 51.054674436],
            [3.761548379, 51.054727782],
            [3.761554807, 51.054810475],
            [3.761559118, 51.054966475],
            [3.761558265, 51.055060412],
            [3.761532475, 51.055159802],
            [3.761505062, 51.055247893],
            [3.761500619, 51.055262169],
            [3.761495604, 51.055278906],
            [3.761369557, 51.055347628],
            [3.761056231, 51.055355528],
            [3.760842089, 51.055572048],
            [3.760047952, 51.056460449],
            [3.759969821, 51.056539692],
            [3.759760651, 51.056751837],
            [3.759470101, 51.057067854],
            [3.759262629, 51.057263714],
            [3.759998805, 51.05794108],
            [3.760118542, 51.058049439],
            [3.76146141, 51.05909168],
            [3.762131979, 51.059593881],
            [3.76262674, 51.059946049],
            [3.762863533, 51.060109235],
            [3.763622627, 51.060597612],
            [3.763748109, 51.060670967],
            [3.763909864, 51.060786068],
            [3.763967133, 51.060829483],
            [3.763973093, 51.060834143],
            [3.763991848, 51.060848712],
            [3.764085639, 51.060921663],
            [3.764097885, 51.060931138],
            [3.764214907, 51.061022259],
            [3.764694143, 51.061395456],
            [3.76497367, 51.061670636],
            [3.765155762, 51.061848961],
            [3.765182217, 51.06187494],
            [3.765681002, 51.062477319],
            [3.765727496, 51.062533468],
            [3.765775744, 51.062545418],
            [3.765808255, 51.062553471],
            [3.765824565, 51.06255751],
            [3.766338404, 51.062180956],
            [3.766399932, 51.062135867],
            [3.766451349, 51.062135336],
            [3.766552652, 51.062182232],
            [3.766806705, 51.062311367],
            [3.767085177, 51.062449546],
            [3.767299017, 51.062550529],
            [3.767330097, 51.062559861],
            [3.767355416, 51.062567465],
            [3.76741571, 51.062574908],
            [3.767470519, 51.062568682],
            [3.767541787, 51.062529766],
            [3.767641896, 51.062449411],
            [3.767674429, 51.062435981],
            [3.767681738, 51.062432965],
            [3.767727195, 51.062420116],
            [3.767878413, 51.06240713],
            [3.768776013, 51.062389776],
            [3.769127181, 51.062382985],
            [3.769158221, 51.062367059],
            [3.769226391, 51.06236505],
            [3.769244354, 51.062308016],
            [3.769297632, 51.062309311],
            [3.769332932, 51.062261847],
            [3.769446456, 51.062084062],
            [3.769460017, 51.062066862],
            [3.769650785, 51.061824896],
            [3.769897465, 51.061557489],
            [3.76994457, 51.06150532],
            [3.770087625, 51.061346889],
            [3.770090968, 51.061343187],
            [3.770556167, 51.061363626],
            [3.770602249, 51.061365652],
            [3.770602367, 51.061365656],
            [3.770868563, 51.06137735],
            [3.771009907, 51.061384056],
            [3.77123988, 51.061393017],
            [3.771346481, 51.06139717],
            [3.77135068, 51.061397334],
            [3.771351776, 51.061397377],
            [3.771360294, 51.061393285],
            [3.771473712, 51.061338787],
            [3.771627169, 51.061265049],
            [3.771837497, 51.061244469],
            [3.771842378, 51.061243991],
            [3.771915849, 51.061236802],
            [3.771967954, 51.061240027],
            [3.772392209, 51.061254951],
            [3.772534901, 51.06125997],
            [3.772865733, 51.061271605],
            [3.772867103, 51.061271654],
            [3.773096496, 51.061279721],
            [3.773096067, 51.06128459],
            [3.773047155, 51.061839346],
            [3.773046595, 51.061883378],
            [3.773747171, 51.062055422],
            [3.77374725, 51.062055442],
            [3.773836713, 51.062077411],
            [3.774822177, 51.06231707],
            [3.77519259, 51.062408519],
            [3.775301259, 51.062433349],
            [3.775352302, 51.062445759],
            [3.775802665, 51.062548151],
            [3.775949931, 51.062581632],
            [3.77605648, 51.062605856],
            [3.776138084, 51.062625129],
            [3.776145123, 51.062626791],
            [3.776157949, 51.062629484],
            [3.776420174, 51.062684553],
            [3.776706507, 51.06274387],
            [3.776721536, 51.062746983],
            [3.776818103, 51.062766707],
            [3.776926241, 51.062874347],
            [3.777012979, 51.06293995],
            [3.777133865, 51.063001285],
            [3.777515156, 51.06314471],
            [3.777712985, 51.063170675],
            [3.77832027, 51.063052418],
            [3.778751094, 51.063009384],
            [3.779168184, 51.063007901],
            [3.780020816, 51.063038322],
            [3.780056884, 51.063096559],
            [3.780172859, 51.063283817],
            [3.78019148, 51.063333857],
            [3.780280421, 51.063464874],
            [3.780332053, 51.063501165],
            [3.780686725, 51.063661334],
            [3.781011905, 51.063864166],
            [3.781170107, 51.063976257],
            [3.781262506, 51.064055939],
            [3.78140587, 51.064186151],
            [3.781558012, 51.064370612],
            [3.781648719, 51.064499708],
            [3.78178465, 51.064644335],
            [3.781888413, 51.064754736],
            [3.781923663, 51.064803371],
            [3.782016677, 51.064986375],
            [3.782042398, 51.065027149],
            [3.782124471, 51.065157263],
            [3.782308775, 51.065408711],
            [3.782374372, 51.065547313],
            [3.782384181, 51.065599759],
            [3.782390734, 51.0656348],
            [3.782382717, 51.065742281],
            [3.782381846, 51.065753961],
            [3.782402452, 51.065796303],
            [3.782437668, 51.065832059],
            [3.782635875, 51.065876194],
            [3.783086252, 51.065949187],
            [3.783514189, 51.066002267],
            [3.783886393, 51.066030513],
            [3.785118904, 51.066114152],
            [3.785176175, 51.066122522],
            [3.785685128, 51.066159778],
            [3.785845187, 51.066171494],
            [3.78617497, 51.066219123],
            [3.786383996, 51.066249312],
            [3.787349339, 51.066449101],
            [3.787917233, 51.066576629],
            [3.788142829, 51.066658026],
            [3.788235176, 51.066699151],
            [3.788354647, 51.066744691],
            [3.788795078, 51.066933798],
            [3.789230604, 51.06715356],
            [3.789518029, 51.067262],
            [3.789716195, 51.067320828],
            [3.790179699, 51.067458426],
            [3.790626671, 51.067537146],
            [3.791052437, 51.067623664],
            [3.791139153, 51.067650156],
            [3.791343569, 51.067676938],
            [3.792169013, 51.0677157],
            [3.792327509, 51.067719329],
            [3.79251297, 51.067740213],
            [3.792897011, 51.067799499],
            [3.79328135, 51.067845757],
            [3.793536483, 51.067903072],
            [3.794579102, 51.068209254],
            [3.794955222, 51.068289571],
            [3.795631631, 51.068446978],
            [3.795828186, 51.068487176],
            [3.795942173, 51.068519125],
            [3.796283995, 51.068626384],
            [3.796926041, 51.068816438],
            [3.799277103, 51.0695242],
            [3.799700478, 51.069678102],
            [3.799846391, 51.069754796],
            [3.801089783, 51.070259055],
            [3.8012178, 51.070311197],
            [3.801336739, 51.070347303],
            [3.801468243, 51.070386283],
            [3.801584501, 51.0704235],
            [3.801719652, 51.070465302],
            [3.801838458, 51.070503088],
            [3.801976376, 51.070546179],
            [3.802112574, 51.070584048],
            [3.802260521, 51.070619025],
            [3.802404034, 51.07065132],
            [3.802573566, 51.070687668],
            [3.802726219, 51.070720563],
            [3.802866852, 51.070751576],
            [3.803020269, 51.070786165],
            [3.803052731, 51.070793062],
            [3.803272348, 51.07092951],
            [3.803567611, 51.071104109],
            [3.803694499, 51.071148683],
            [3.803849333, 51.071203215],
            [3.803990902, 51.071249117],
            [3.804134027, 51.07129615],
            [3.804260286, 51.071336225],
            [3.8043873, 51.071377563],
            [3.804517891, 51.07141934],
            [3.804650196, 51.071465628],
            [3.804789112, 51.071509269],
            [3.804924274, 51.071550645],
            [3.805054825, 51.071595792],
            [3.805177375, 51.071638231],
            [3.805311471, 51.071684104],
            [3.80544561, 51.071727578],
            [3.805561778, 51.071771676],
            [3.805681426, 51.071824213],
            [3.805808194, 51.071877917],
            [3.805930638, 51.071930602],
            [3.806050064, 51.071981457],
            [3.806180613, 51.072035313],
            [3.806293989, 51.0720815],
            [3.806402838, 51.072123315],
            [3.806484125, 51.072163687],
            [3.806443537, 51.072196123]
          ]
        ]
      }
    },
    {
      "type": "Feature",
      "properties": { "id": "gent-rabot", "name": "Rabot - Blaisantvest" },
      "geometry": {
        "type": "Polygon",
        "coordinates": [
          [
            [3.727428441, 51.068117493],
            [3.725007821, 51.067996718],
            [3.723273349, 51.067723463],
            [3.717164204, 51.066785336],
            [3.712235788, 51.066057973],
            [3.709166467, 51.065576921],
            [3.70247769, 51.064534078],
            [3.701398387, 51.064368979],
            [3.705676427, 51.060280936],
            [3.706200918, 51.059624154],
            [3.708026445, 51.057206448],
            [3.708483538, 51.0566542],
            [3.708620626, 51.056375737],
            [3.709486651, 51.056766419],
            [3.709970224, 51.056540456],
            [3.710253587, 51.056795143],
            [3.710511591, 51.057038591],
            [3.710875067, 51.058516266],
            [3.712510385, 51.059513915],
            [3.713853352, 51.060287714],
            [3.714991297, 51.060016203],
            [3.716087759, 51.061265321],
            [3.716293914, 51.062834807],
            [3.718066113, 51.062606662],
            [3.718832007, 51.064323898],
            [3.719122999, 51.064268476],
            [3.719670106, 51.064824326],
            [3.721990191, 51.065642871],
            [3.723797414, 51.066082142],
            [3.727139111, 51.066952376],
            [3.727547178, 51.066894058],
            [3.727428441, 51.068117493]
          ]
        ]
      }
    },
    {
      "type": "Feature",
      "properties": {
        "id": "gent-sint-denijs-westrem",
        "name": "Sint-Denijs-Westrem - Afsnee"
      },
      "geometry": {
        "type": "Polygon",
        "coordinates": [
          [
            [3.650931899, 51.015641181],
            [3.650814216, 51.015550674],
            [3.650768752, 51.015480162],
            [3.65071658, 51.015427031],
            [3.650679501, 51.015375691],
            [3.650616172, 51.015272196],
            [3.650548981, 51.015160397],
            [3.650505192, 51.015045659],
            [3.650479448, 51.014953081],
            [3.650471302, 51.014888559],
            [3.650466483, 51.014672917],
            [3.650482158, 51.014492522],
            [3.650483254, 51.01447961],
            [3.650500112, 51.014338264],
            [3.650480206, 51.014271144],
            [3.650329491, 51.013811627],
            [3.650238328, 51.013555994],
            [3.650152994, 51.013340428],
            [3.649981685, 51.012976289],
            [3.649975113, 51.012962486],
            [3.649803134, 51.012686689],
            [3.649745609, 51.012623713],
            [3.649677539, 51.012533693],
            [3.649764014, 51.012443267],
            [3.649791703, 51.0124045],
            [3.649853779, 51.012288773],
            [3.64989905, 51.012204374],
            [3.650048721, 51.011938641],
            [3.650141169, 51.011760481],
            [3.650224485, 51.011611496],
            [3.65024269, 51.011577793],
            [3.650442639, 51.011207634],
            [3.650571862, 51.010944636],
            [3.650589217, 51.010909312],
            [3.650708312, 51.010681225],
            [3.65079408, 51.010523999],
            [3.650884273, 51.010358664],
            [3.651077501, 51.010012605],
            [3.651212808, 51.00975107],
            [3.651269725, 51.009641053],
            [3.651330527, 51.009536719],
            [3.651412225, 51.009381913],
            [3.651576735, 51.009084811],
            [3.651594392, 51.009052926],
            [3.651719966, 51.008817555],
            [3.651801086, 51.008681516],
            [3.65197589, 51.008352417],
            [3.652048803, 51.008215144],
            [3.652299992, 51.007724492],
            [3.652337562, 51.007658178],
            [3.652536704, 51.00730667],
            [3.652680785, 51.007023665],
            [3.652698213, 51.006986949],
            [3.652839198, 51.006689947],
            [3.652924637, 51.006595194],
            [3.652975746, 51.006619462],
            [3.653147984, 51.006701242],
            [3.654126925, 51.007145422],
            [3.655413137, 51.00776338],
            [3.655778161, 51.00783666],
            [3.657332824, 51.008094816],
            [3.657554473, 51.008085898],
            [3.657985661, 51.008377143],
            [3.658310294, 51.008639653],
            [3.658764511, 51.009027402],
            [3.659264327, 51.009498423],
            [3.659929966, 51.010189568],
            [3.660528741, 51.010951233],
            [3.660915604, 51.011445175],
            [3.661108724, 51.011712926],
            [3.661550059, 51.012337531],
            [3.661890054, 51.01282529],
            [3.662074018, 51.013081047],
            [3.66237713, 51.013527142],
            [3.662891144, 51.014312019],
            [3.662937756, 51.014311601],
            [3.663286176, 51.014308479],
            [3.663436101, 51.014291685],
            [3.663643336, 51.014252345],
            [3.6638685, 51.014170445],
            [3.664013555, 51.013975178],
            [3.66417764, 51.013680065],
            [3.664400097, 51.013249056],
            [3.664746434, 51.012694345],
            [3.665082082, 51.012228332],
            [3.665530714, 51.011739404],
            [3.666042374, 51.011428535],
            [3.66700889, 51.010841962],
            [3.667577562, 51.010484089],
            [3.668356188, 51.009902292],
            [3.668629507, 51.009630695],
            [3.669852339, 51.00905227],
            [3.670360103, 51.008799425],
            [3.677412627, 51.019147917],
            [3.679641828, 51.019499622],
            [3.68313656, 51.016795931],
            [3.685566744, 51.017745508],
            [3.686172605, 51.01722974],
            [3.687063377, 51.018099707],
            [3.687644885, 51.018355054],
            [3.688247692, 51.018286481],
            [3.689846275, 51.016946867],
            [3.6914815, 51.018089506],
            [3.694118216, 51.018762264],
            [3.695596229, 51.019194622],
            [3.697088629, 51.018717992],
            [3.698398769, 51.019063959],
            [3.698175348, 51.019753328],
            [3.697493883, 51.020213806],
            [3.697535646, 51.020710849],
            [3.699008487, 51.021644295],
            [3.698575429, 51.022688816],
            [3.700502747, 51.023000765],
            [3.701215595, 51.023152428],
            [3.703779562, 51.02387287],
            [3.703168586, 51.025823068],
            [3.702464672, 51.027570194],
            [3.701518936, 51.02913644],
            [3.70017329, 51.03039154],
            [3.6984482, 51.031399508],
            [3.696270316, 51.032242638],
            [3.693754177, 51.032747534],
            [3.690433049, 51.033144648],
            [3.687297715, 51.033942771],
            [3.685021392, 51.035029384],
            [3.681677951, 51.03379441],
            [3.68155928, 51.03347895],
            [3.682429351, 51.031632627],
            [3.682304879, 51.031218811],
            [3.681444322, 51.030981196],
            [3.680881359, 51.031070194],
            [3.680214019, 51.031713814],
            [3.679710313, 51.031960608],
            [3.679088139, 51.031886879],
            [3.678511019, 51.031105919],
            [3.678299637, 51.030357156],
            [3.677860488, 51.030093188],
            [3.675666949, 51.029864845],
            [3.674644811, 51.029915716],
            [3.672607394, 51.030470032],
            [3.67198978, 51.030563441],
            [3.671417927, 51.030313271],
            [3.670778103, 51.030342632],
            [3.669652369, 51.030908894],
            [3.668032175, 51.032036433],
            [3.667631754, 51.032573978],
            [3.667605034, 51.033139027],
            [3.667975048, 51.033741552],
            [3.668557277, 51.034655468],
            [3.668289544, 51.035577398],
            [3.667429901, 51.036081872],
            [3.666594808, 51.036522578],
            [3.666234866, 51.036986618],
            [3.666179644, 51.037802076],
            [3.665872004, 51.03798649],
            [3.664583822, 51.038079512],
            [3.663367695, 51.038861341],
            [3.662505368, 51.039100296],
            [3.6620596, 51.039563668],
            [3.661576337, 51.039912901],
            [3.661390571, 51.03949687],
            [3.660682401, 51.039035003],
            [3.659791578, 51.038829635],
            [3.656419403, 51.038286375],
            [3.655508429, 51.038287329],
            [3.654741512, 51.038527787],
            [3.654381822, 51.038922687],
            [3.654523608, 51.039515723],
            [3.655222243, 51.040856423],
            [3.654951385, 51.041452015],
            [3.654191289, 51.041643352],
            [3.652453712, 51.041561032],
            [3.649738727, 51.041224679],
            [3.646606002, 51.04041362],
            [3.646012849, 51.040064736],
            [3.645627702, 51.039447302],
            [3.645440268, 51.037922026],
            [3.645351458, 51.032303374],
            [3.645286122, 51.030691758],
            [3.64490664, 51.029540185],
            [3.644979688, 51.028740434],
            [3.645651166, 51.027980172],
            [3.645904942, 51.027512732],
            [3.64566706, 51.026329161],
            [3.644763623, 51.025222829],
            [3.644846761, 51.025169075],
            [3.645007168, 51.025331713],
            [3.645166431, 51.025212298],
            [3.646213317, 51.024423239],
            [3.646223039, 51.024415866],
            [3.646237985, 51.024404532],
            [3.64627744, 51.024374477],
            [3.646723716, 51.024070577],
            [3.647470853, 51.023576237],
            [3.647926342, 51.023269446],
            [3.64804016, 51.023203431],
            [3.648628268, 51.022795615],
            [3.649098612, 51.022484847],
            [3.649533397, 51.022182839],
            [3.65002899, 51.021829935],
            [3.650235837, 51.021673323],
            [3.650339547, 51.021582794],
            [3.650925128, 51.021103746],
            [3.651393491, 51.020688444],
            [3.651765837, 51.020317091],
            [3.651919797, 51.020166897],
            [3.652005953, 51.020043909],
            [3.652010707, 51.020036264],
            [3.652191707, 51.019745203],
            [3.652499154, 51.01941694],
            [3.652749344, 51.019182237],
            [3.652923496, 51.019094254],
            [3.653143101, 51.019026621],
            [3.65334407, 51.01899877],
            [3.653360113, 51.018998166],
            [3.653524345, 51.018997895],
            [3.65405225, 51.019296906],
            [3.654055257, 51.019298611],
            [3.654147605, 51.019237362],
            [3.654152083, 51.019234398],
            [3.65415234, 51.019234228],
            [3.654159116, 51.019229363],
            [3.654707499, 51.018835657],
            [3.655056987, 51.018584742],
            [3.655087804, 51.018562767],
            [3.655054615, 51.018538029],
            [3.65473396, 51.018299002],
            [3.654170386, 51.017872092],
            [3.653686576, 51.017508742],
            [3.653149797, 51.017107277],
            [3.653123138, 51.017081693],
            [3.65294405, 51.016953916],
            [3.652632872, 51.016734301],
            [3.652257259, 51.016490848],
            [3.65194493, 51.016299091],
            [3.651857736, 51.016245558],
            [3.651182719, 51.015807006],
            [3.650959464, 51.015662381],
            [3.650931899, 51.015641181]
          ]
        ]
      }
    },
    {
      "type": "Feature",
      "properties": {
        "id": "gent-muide",
        "name": "Muide - Meulestede - Afrikalaan"
      },
      "geometry": {
        "type": "Polygon",
        "coordinates": [
          [
            [3.726558426, 51.087313126],
            [3.726041954, 51.086295662],
            [3.725878408, 51.084961704],
            [3.726487312, 51.079549176],
            [3.727146791, 51.073079415],
            [3.727310753, 51.071534443],
            [3.727607133, 51.070884335],
            [3.728171444, 51.070423613],
            [3.728835603, 51.070135209],
            [3.729028979, 51.070405793],
            [3.73029012, 51.070331863],
            [3.73058417, 51.070282748],
            [3.732967229, 51.069838288],
            [3.735386273, 51.064553699],
            [3.738787987, 51.057348219],
            [3.740690281, 51.057898561],
            [3.740753449, 51.058556517],
            [3.740267356, 51.058863635],
            [3.740332156, 51.06010576],
            [3.73958469, 51.063027911],
            [3.739762895, 51.063858118],
            [3.741857078, 51.068411772],
            [3.742323591, 51.069233391],
            [3.742384814, 51.070072943],
            [3.742062936, 51.071053164],
            [3.741408666, 51.071781745],
            [3.740045523, 51.072502474],
            [3.738481468, 51.073065224],
            [3.736764471, 51.073352543],
            [3.735059582, 51.073460258],
            [3.734116885, 51.073449151],
            [3.734422845, 51.075229394],
            [3.733709623, 51.079551888],
            [3.73158032, 51.079444056],
            [3.731336208, 51.080611614],
            [3.730731058, 51.083907091],
            [3.729765947, 51.087099486],
            [3.732452682, 51.08697776],
            [3.732238315, 51.088088732],
            [3.72790251, 51.089212651],
            [3.726558426, 51.087313126]
          ]
        ]
      }
    },
    {
      "type": "Feature",
      "properties": { "id": "gent-zwijnaarde", "name": "Zwijnaarde" },
      "geometry": {
        "type": "Polygon",
        "coordinates": [
          [
            [3.719255345, 50.987115253],
            [3.720221502, 50.988162856],
            [3.721408327, 50.989479986],
            [3.722404859, 50.990585862],
            [3.723433277, 50.991751007],
            [3.724282418, 50.992790146],
            [3.724502889, 50.993178033],
            [3.72460759, 50.99350605],
            [3.724687256, 50.993755634],
            [3.724681956, 50.994044113],
            [3.724678338, 50.994243263],
            [3.724556663, 50.994756543],
            [3.724348882, 50.995356432],
            [3.724023569, 50.996114544],
            [3.723929583, 50.996333564],
            [3.723762923, 50.996782547],
            [3.72374683, 50.997281517],
            [3.723785545, 50.997842128],
            [3.723790632, 50.997915791],
            [3.723968547, 50.998645791],
            [3.723996456, 50.998719601],
            [3.72415219, 50.999150168],
            [3.724168831, 50.999175476],
            [3.724613795, 50.99985218],
            [3.724985225, 51.000263095],
            [3.726208186, 51.00126198],
            [3.727165544, 51.001910221],
            [3.728094164, 51.002349482],
            [3.72828813, 51.002441231],
            [3.728446169, 51.002491787],
            [3.729065321, 51.002689849],
            [3.73040759, 51.002989988],
            [3.731031818, 51.003053912],
            [3.731723563, 51.003064532],
            [3.732308863, 51.003035531],
            [3.733049175, 51.00296115],
            [3.733755364, 51.002841354],
            [3.733822566, 51.00282683],
            [3.73468059, 51.00262797],
            [3.734682045, 51.002627555],
            [3.734701754, 51.002622705],
            [3.735138706, 51.002509317],
            [3.735220152, 51.002486436],
            [3.736309732, 51.00218061],
            [3.736926514, 51.002037698],
            [3.737206199, 51.0019729],
            [3.738057816, 51.001829281],
            [3.73817986, 51.001808729],
            [3.739056727, 51.00170035],
            [3.739124902, 51.001691905],
            [3.739256729, 51.001675574],
            [3.739336295, 51.001669463],
            [3.740097943, 51.001610956],
            [3.740119221, 51.001609388],
            [3.740662248, 51.001560731],
            [3.740647922, 51.001550685],
            [3.741014071, 51.001553338],
            [3.741681362, 51.00153414],
            [3.742402794, 51.001545556],
            [3.743027737, 51.001571638],
            [3.743651579, 51.001688864],
            [3.744083008, 51.001804922],
            [3.744392265, 51.001942949],
            [3.744610823, 51.002047063],
            [3.745129589, 51.002408685],
            [3.74552083, 51.002742941],
            [3.745849744, 51.003203842],
            [3.746033583, 51.003642202],
            [3.746062997, 51.003901369],
            [3.746036099, 51.004358419],
            [3.745954455, 51.004755768],
            [3.745841251, 51.005099437],
            [3.74567381, 51.005588473],
            [3.745676855, 51.00584511],
            [3.745677351, 51.005891462],
            [3.745701347, 51.006087531],
            [3.745777482, 51.006406634],
            [3.745913158, 51.00665091],
            [3.74598453, 51.006766603],
            [3.746107068, 51.006901669],
            [3.746643415, 51.007327427],
            [3.747164774, 51.007504789],
            [3.747277962, 51.007543294],
            [3.748394931, 51.007693424],
            [3.750521451, 51.007936788],
            [3.750855878, 51.007984748],
            [3.750263931, 51.008167192],
            [3.747258944, 51.008994413],
            [3.745205852, 51.009573629],
            [3.745193437, 51.009577078],
            [3.744636958, 51.009732307],
            [3.744279359, 51.009444703],
            [3.743015763, 51.009785635],
            [3.741258772, 51.010616658],
            [3.73965705, 51.01113931],
            [3.739187896, 51.01127293],
            [3.737923471, 51.011632206],
            [3.737771463, 51.011730822],
            [3.733316781, 51.012965413],
            [3.731266037, 51.013377961],
            [3.728639897, 51.013651526],
            [3.722899468, 51.013759958],
            [3.720469149, 51.013852097],
            [3.717523822, 51.014070563],
            [3.714631415, 51.014539548],
            [3.711985515, 51.015417029],
            [3.709970144, 51.016325507],
            [3.708007159, 51.017548452],
            [3.706457006, 51.018876643],
            [3.705637724, 51.019845559],
            [3.704695505, 51.021520006],
            [3.703779562, 51.02387287],
            [3.701215595, 51.023152428],
            [3.700502747, 51.023000765],
            [3.698575429, 51.022688816],
            [3.699008487, 51.021644295],
            [3.697535646, 51.020710849],
            [3.697493883, 51.020213806],
            [3.698175348, 51.019753328],
            [3.698398769, 51.019063959],
            [3.697088629, 51.018717992],
            [3.695596229, 51.019194622],
            [3.694118216, 51.018762264],
            [3.6914815, 51.018089506],
            [3.689846275, 51.016946867],
            [3.688247692, 51.018286481],
            [3.687644885, 51.018355054],
            [3.687063377, 51.018099707],
            [3.686172605, 51.01722974],
            [3.685566744, 51.017745508],
            [3.68313656, 51.016795931],
            [3.679641828, 51.019499622],
            [3.677412627, 51.019147917],
            [3.670360103, 51.008799425],
            [3.670675216, 51.008642509],
            [3.671345329, 51.0082665],
            [3.672633623, 51.007641227],
            [3.672929276, 51.007446896],
            [3.673043581, 51.007388159],
            [3.673686607, 51.007069179],
            [3.674121966, 51.006851217],
            [3.674571858, 51.006613823],
            [3.674667377, 51.006515781],
            [3.675010333, 51.006275229],
            [3.675297985, 51.00586818],
            [3.675482529, 51.005454627],
            [3.675618488, 51.004963052],
            [3.675704749, 51.004389846],
            [3.675708076, 51.004164706],
            [3.676101881, 51.003562903],
            [3.677055244, 51.002573333],
            [3.677636326, 51.002002262],
            [3.678513302, 51.001095251],
            [3.678998759, 51.000636125],
            [3.680200599, 50.99933996],
            [3.68118334, 50.99825587],
            [3.681523464, 50.99810391],
            [3.682870875, 50.997756257],
            [3.683878745, 50.997513364],
            [3.684444188, 50.997356809],
            [3.684643202, 50.997324389],
            [3.685889207, 50.997006317],
            [3.686066234, 50.996939931],
            [3.686233864, 50.996876978],
            [3.686290387, 50.996855677],
            [3.686479941, 50.996746654],
            [3.688961645, 50.996194804],
            [3.692666548, 50.995149614],
            [3.692967712, 50.995109209],
            [3.693013845, 50.995113546],
            [3.693907214, 50.995240305],
            [3.694070527, 50.995113689],
            [3.694967363, 50.994418362],
            [3.698102039, 50.992062742],
            [3.698338849, 50.991906919],
            [3.698494444, 50.991796703],
            [3.69912577, 50.99121738],
            [3.699378499, 50.990973575],
            [3.699572288, 50.990752609],
            [3.699863542, 50.990374871],
            [3.7000057, 50.990167517],
            [3.700124346, 50.989994721],
            [3.700294716, 50.989681478],
            [3.70066545, 50.989285662],
            [3.700800421, 50.989129382],
            [3.700884814, 50.989025088],
            [3.701338276, 50.988640265],
            [3.701707043, 50.988380536],
            [3.701996948, 50.98827585],
            [3.7021278, 50.988228551],
            [3.702404029, 50.98811593],
            [3.702688195, 50.987999964],
            [3.703444843, 50.987615023],
            [3.703593726, 50.98754437],
            [3.704061883, 50.987289824],
            [3.704528484, 50.987031674],
            [3.704695836, 50.986712877],
            [3.704748481, 50.986342223],
            [3.704827152, 50.986145176],
            [3.704821392, 50.985875881],
            [3.704843467, 50.985660536],
            [3.70485528, 50.985493039],
            [3.704823666, 50.985385121],
            [3.704708316, 50.985163104],
            [3.704578133, 50.984982859],
            [3.704419584, 50.984793464],
            [3.704237227, 50.984621922],
            [3.704050088, 50.984447251],
            [3.703796856, 50.984251424],
            [3.703182312, 50.983799043],
            [3.702863789, 50.983531072],
            [3.702503728, 50.983187847],
            [3.702215484, 50.982925187],
            [3.702983055, 50.982469667],
            [3.703222192, 50.982615517],
            [3.703532756, 50.982804928],
            [3.703568733, 50.98279077],
            [3.704044853, 50.98260339],
            [3.704181312, 50.982546006],
            [3.704247372, 50.982515174],
            [3.704351999, 50.982466339],
            [3.704406955, 50.982417058],
            [3.704907247, 50.982090579],
            [3.70503155, 50.982002087],
            [3.705588809, 50.981574603],
            [3.705644855, 50.981608244],
            [3.705713387, 50.981649379],
            [3.706302237, 50.982002821],
            [3.706463088, 50.981863344],
            [3.707103866, 50.981307699],
            [3.707174947, 50.981233401],
            [3.707332572, 50.981062375],
            [3.707416479, 50.98102196],
            [3.707430954, 50.981013763],
            [3.707534273, 50.980955257],
            [3.707574311, 50.980932585],
            [3.707583491, 50.980944304],
            [3.707648476, 50.981027261],
            [3.707805282, 50.98113731],
            [3.707866952, 50.981186872],
            [3.707867112, 50.981187001],
            [3.707912609, 50.981228598],
            [3.707986262, 50.981273096],
            [3.708107926, 50.981322366],
            [3.70811141, 50.981324798],
            [3.708277355, 50.981382361],
            [3.708748416, 50.981504329],
            [3.708877753, 50.981526456],
            [3.709408379, 50.981572241],
            [3.709736559, 50.981545537],
            [3.709797834, 50.981528755],
            [3.709998184, 50.981428552],
            [3.710017985, 50.981411565],
            [3.710115233, 50.981328135],
            [3.710146923, 50.981300947],
            [3.710165032, 50.981279585],
            [3.710273355, 50.98115181],
            [3.710285458, 50.981094794],
            [3.710274604, 50.981003884],
            [3.710267589, 50.980945136],
            [3.710153548, 50.980694758],
            [3.710139932, 50.980567016],
            [3.710121586, 50.98039489],
            [3.710140511, 50.980335059],
            [3.710198286, 50.980245475],
            [3.710313751, 50.980158102],
            [3.710471832, 50.980038481],
            [3.710643842, 50.979908319],
            [3.711057956, 50.979572882],
            [3.711100529, 50.979538397],
            [3.711125904, 50.979553713],
            [3.712307088, 50.980393937],
            [3.713435767, 50.981324885],
            [3.7146486, 50.982366967],
            [3.715554052, 50.983147751],
            [3.716342662, 50.983875777],
            [3.71697866, 50.984586943],
            [3.717546295, 50.985206285],
            [3.718100433, 50.985835977],
            [3.718619005, 50.986425235],
            [3.718710658, 50.986524626],
            [3.719255345, 50.987115253]
          ]
        ]
      }
    },
    {
      "type": "Feature",
      "properties": { "id": "gent-dampoort", "name": "Dampoort" },
      "geometry": {
        "type": "Polygon",
        "coordinates": [
          [
            [3.755735041, 51.051817976],
            [3.75468958, 51.051884873],
            [3.755247424, 51.052696949],
            [3.755246222, 51.052967323],
            [3.749219809, 51.059041763],
            [3.74501933, 51.058019713],
            [3.74412949, 51.05894848],
            [3.742956944, 51.062325307],
            [3.742088004, 51.062007616],
            [3.741493966, 51.061460329],
            [3.74106491, 51.060786101],
            [3.740850445, 51.059700493],
            [3.740753449, 51.058556517],
            [3.740690281, 51.057898561],
            [3.738787987, 51.057348219],
            [3.741394916, 51.052371954],
            [3.742309916, 51.051264537],
            [3.743536722, 51.050116207],
            [3.747255575, 51.046686093],
            [3.747720174, 51.046936869],
            [3.748606772, 51.047156436],
            [3.749674446, 51.047180164],
            [3.75061966, 51.046977386],
            [3.752541601, 51.04653742],
            [3.753625606, 51.046487458],
            [3.755135819, 51.046704327],
            [3.758036596, 51.047457207],
            [3.763751549, 51.049055711],
            [3.765960533, 51.049614103],
            [3.766944558, 51.049815965],
            [3.766825487, 51.050140874],
            [3.766825278, 51.050141414],
            [3.766649972, 51.050595916],
            [3.766649955, 51.050595957],
            [3.766580004, 51.050777312],
            [3.766543139, 51.050872889],
            [3.76651683, 51.050941094],
            [3.766318783, 51.051454535],
            [3.766211606, 51.051438673],
            [3.766207006, 51.051437993],
            [3.766203455, 51.051447267],
            [3.765901622, 51.051390462],
            [3.765262455, 51.051270167],
            [3.765208123, 51.05125869],
            [3.765190795, 51.051254434],
            [3.764699866, 51.051138033],
            [3.764633245, 51.051122237],
            [3.764630288, 51.051121571],
            [3.764333699, 51.051054747],
            [3.764114506, 51.05100536],
            [3.763726877, 51.050919813],
            [3.763627967, 51.050914453],
            [3.763519606, 51.05090858],
            [3.763252315, 51.050894096],
            [3.763250912, 51.050894008],
            [3.763247339, 51.050893784],
            [3.762998157, 51.050879369],
            [3.762922929, 51.050875415],
            [3.762590625, 51.050855831],
            [3.762497497, 51.050850343],
            [3.762497113, 51.05085032],
            [3.762136997, 51.050904544],
            [3.762117475, 51.05090759],
            [3.76211691, 51.050907678],
            [3.760954444, 51.051089048],
            [3.760938129, 51.051091151],
            [3.760390413, 51.051173791],
            [3.760184392, 51.051209208],
            [3.760005477, 51.05123858],
            [3.759919585, 51.05125083],
            [3.759904735, 51.05125167],
            [3.759712404, 51.051262557],
            [3.759704432, 51.051263008],
            [3.759462491, 51.051265913],
            [3.759422206, 51.051281227],
            [3.75933208, 51.051309235],
            [3.759300912, 51.05131892],
            [3.759272018, 51.051329495],
            [3.759206898, 51.05135333],
            [3.759204781, 51.051354105],
            [3.759038063, 51.051415123],
            [3.759037095, 51.051415272],
            [3.759036916, 51.051415337],
            [3.759036932, 51.051415297],
            [3.758851299, 51.051443702],
            [3.758749428, 51.05146524],
            [3.758749186, 51.051465291],
            [3.758588796, 51.05149627],
            [3.758588569, 51.051496321],
            [3.758414147, 51.051535039],
            [3.758400433, 51.051538084],
            [3.758311783, 51.051557763],
            [3.758311365, 51.051557855],
            [3.758237079, 51.051573561],
            [3.758000803, 51.051623514],
            [3.75797941, 51.051628037],
            [3.757943749, 51.051635576],
            [3.757935522, 51.051637315],
            [3.757789719, 51.05166814],
            [3.75777181, 51.051671926],
            [3.757685687, 51.051690133],
            [3.757292194, 51.05177394],
            [3.756920998, 51.051776657],
            [3.756077088, 51.051870178],
            [3.755735041, 51.051817976]
          ]
        ]
      }
    },
    {
      "type": "Feature",
      "properties": {
        "id": "gent-elisabethbegijnhof",
        "name": "Elisabethbegijnhof - Prinsenhof - Papegaai - Sint-Michiels"
      },
      "geometry": {
        "type": "Polygon",
        "coordinates": [
          [
            [3.712510385, 51.059513915],
            [3.710875067, 51.058516266],
            [3.710511591, 51.057038591],
            [3.710253587, 51.056795143],
            [3.709970224, 51.056540456],
            [3.709486651, 51.056766419],
            [3.708620626, 51.056375737],
            [3.708879971, 51.055669002],
            [3.710568208, 51.050693312],
            [3.710600989, 51.050596579],
            [3.710659325, 51.050290566],
            [3.714737473, 51.047242987],
            [3.715210553, 51.047113299],
            [3.718243121, 51.046716138],
            [3.720627174, 51.046927171],
            [3.719933593, 51.048982188],
            [3.720001312, 51.049707884],
            [3.720165788, 51.050663901],
            [3.720816559, 51.052269537],
            [3.720662468, 51.053718774],
            [3.720494712, 51.054834207],
            [3.720941412, 51.055891357],
            [3.720106806, 51.056726705],
            [3.719920506, 51.05811719],
            [3.718686917, 51.059303723],
            [3.714991297, 51.060016203],
            [3.713853352, 51.060287714],
            [3.712510385, 51.059513915]
          ]
        ]
      }
    },
    {
      "type": "Feature",
      "properties": {
        "id": "gent-moscou-vogelhoek",
        "name": "Moscou - Vogelhoek"
      },
      "geometry": {
        "type": "Polygon",
        "coordinates": [
          [
            [3.762764616, 51.01870812],
            [3.762888632, 51.018535848],
            [3.76289449, 51.018524637],
            [3.762951701, 51.018545315],
            [3.763005645, 51.018565142],
            [3.763054708, 51.01858626],
            [3.763237435, 51.018664909],
            [3.763263982, 51.018678383],
            [3.763341621, 51.018717792],
            [3.763388775, 51.018741725],
            [3.763453467, 51.018774555],
            [3.763478659, 51.018787339],
            [3.76350223, 51.018799301],
            [3.763545937, 51.018821488],
            [3.763617756, 51.018858669],
            [3.763676476, 51.018889066],
            [3.763676527, 51.018889094],
            [3.763725934, 51.018914671],
            [3.76372658, 51.018915005],
            [3.763779125, 51.018942209],
            [3.763782278, 51.018943841],
            [3.763849095, 51.018978431],
            [3.763902287, 51.019005965],
            [3.763908782, 51.019009328],
            [3.763908874, 51.019009376],
            [3.763955079, 51.019033295],
            [3.76401469, 51.019064156],
            [3.764090657, 51.019103484],
            [3.764145993, 51.019132129],
            [3.764201278, 51.019160755],
            [3.76425671, 51.019189446],
            [3.764323876, 51.019224222],
            [3.764405062, 51.01926625],
            [3.764516828, 51.019324107],
            [3.764604075, 51.019369272],
            [3.764618885, 51.019376942],
            [3.764674606, 51.019405786],
            [3.764686885, 51.019412145],
            [3.764735067, 51.019437927],
            [3.764756234, 51.019449254],
            [3.764880798, 51.019520623],
            [3.764954412, 51.019562798],
            [3.765058675, 51.019621182],
            [3.766344881, 51.020340141],
            [3.765662991, 51.021503218],
            [3.76550239, 51.021765756],
            [3.766026598, 51.021872094],
            [3.766219993, 51.021900051],
            [3.766630136, 51.021931084],
            [3.766906047, 51.021924205],
            [3.767057266, 51.021914585],
            [3.767208603, 51.021896813],
            [3.767369512, 51.021865808],
            [3.76742393, 51.021855323],
            [3.767404352, 51.021917541],
            [3.767314834, 51.022202017],
            [3.767263541, 51.022320082],
            [3.767214992, 51.022412308],
            [3.767190689, 51.022485653],
            [3.767175631, 51.022593795],
            [3.767154738, 51.022679015],
            [3.767127729, 51.022800177],
            [3.767073008, 51.022986902],
            [3.767070383, 51.023007699],
            [3.767151159, 51.023147595],
            [3.767223899, 51.023209805],
            [3.767243157, 51.023220349],
            [3.767356381, 51.023267795],
            [3.767505386, 51.02328885],
            [3.767520452, 51.02343734],
            [3.767531021, 51.023539429],
            [3.767527477, 51.023771665],
            [3.767536926, 51.023873034],
            [3.767424421, 51.024088302],
            [3.76736215, 51.024153748],
            [3.767225443, 51.024297421],
            [3.76722067, 51.02431269],
            [3.767197718, 51.024386114],
            [3.767176424, 51.024419802],
            [3.767163075, 51.02444092],
            [3.767138822, 51.024479286],
            [3.767111155, 51.024592714],
            [3.767071374, 51.024974209],
            [3.76704733, 51.025113939],
            [3.76703932, 51.025179781],
            [3.767061815, 51.0251817],
            [3.767104006, 51.0251853],
            [3.767318263, 51.025203581],
            [3.767451454, 51.025214944],
            [3.768248621, 51.025266933],
            [3.768838648, 51.025355561],
            [3.768940323, 51.025367375],
            [3.769591511, 51.025465825],
            [3.769785429, 51.02549],
            [3.770144091, 51.025534039],
            [3.77042562, 51.025564009],
            [3.77054429, 51.025574126],
            [3.77079019, 51.025588455],
            [3.771114622, 51.025581181],
            [3.771194766, 51.025580993],
            [3.771331133, 51.025595792],
            [3.771605156, 51.02573],
            [3.77146909, 51.025840494],
            [3.770511284, 51.026642989],
            [3.768660972, 51.027889278],
            [3.76098912, 51.031703998],
            [3.760013491, 51.031857682],
            [3.758732594, 51.032172429],
            [3.757668173, 51.032659783],
            [3.756586026, 51.033368396],
            [3.753166445, 51.029886193],
            [3.752773789, 51.029383549],
            [3.75240612, 51.028708973],
            [3.752219963, 51.027799235],
            [3.752175461, 51.02673756],
            [3.748231216, 51.02890815],
            [3.746768916, 51.028516712],
            [3.747670924, 51.027462553],
            [3.747351959, 51.027258803],
            [3.747362796, 51.027242514],
            [3.747513831, 51.027097809],
            [3.747642848, 51.026917147],
            [3.748135422, 51.02620144],
            [3.748428408, 51.025789608],
            [3.748616121, 51.025514875],
            [3.748716825, 51.025368348],
            [3.748721692, 51.025362476],
            [3.74895414, 51.025182923],
            [3.749604032, 51.024743902],
            [3.750381012, 51.024269155],
            [3.751227842, 51.023722297],
            [3.751726457, 51.02342025],
            [3.751994842, 51.02313147],
            [3.752311206, 51.022690544],
            [3.752583573, 51.022097126],
            [3.752613211, 51.021993625],
            [3.752853186, 51.022112019],
            [3.753037885, 51.022241639],
            [3.753830711, 51.022894701],
            [3.75509157, 51.023952052],
            [3.755499434, 51.024294072],
            [3.755722354, 51.02448106],
            [3.755750228, 51.024504379],
            [3.755840518, 51.024463552],
            [3.756064783, 51.024233665],
            [3.756136789, 51.024151032],
            [3.756174043, 51.024087032],
            [3.756431398, 51.023803728],
            [3.75647384, 51.023766433],
            [3.756516802, 51.023728683],
            [3.756535086, 51.023712615],
            [3.756565686, 51.02368573],
            [3.756565858, 51.023685577],
            [3.756612093, 51.023644468],
            [3.756612658, 51.023643965],
            [3.756693551, 51.023568042],
            [3.756722571, 51.023540192],
            [3.756745782, 51.023517917],
            [3.756769004, 51.023499281],
            [3.756798945, 51.023475254],
            [3.756802872, 51.023472102],
            [3.75684772, 51.02343158],
            [3.756870007, 51.023411444],
            [3.756878859, 51.023403447],
            [3.756922395, 51.023364112],
            [3.756955664, 51.023334055],
            [3.756960218, 51.02332994],
            [3.75698541, 51.023307165],
            [3.75701659, 51.02327312],
            [3.757047607, 51.023240858],
            [3.757079438, 51.02320936],
            [3.757112399, 51.023176353],
            [3.757161581, 51.023127103],
            [3.757164077, 51.023124604],
            [3.7572012, 51.023088834],
            [3.757229606, 51.02306071],
            [3.757259208, 51.023031401],
            [3.757272032, 51.023018705],
            [3.75731098, 51.022981804],
            [3.757315715, 51.022977266],
            [3.757378937, 51.022918985],
            [3.757470614, 51.022825513],
            [3.757547089, 51.022747754],
            [3.757606339, 51.02268948],
            [3.757703517, 51.022591541],
            [3.757755299, 51.022539155],
            [3.757807699, 51.022488819],
            [3.757884371, 51.022410609],
            [3.758026042, 51.022292271],
            [3.758064871, 51.022254149],
            [3.758154755, 51.022165899],
            [3.758183079, 51.02213809],
            [3.758264996, 51.022058246],
            [3.758511232, 51.021825445],
            [3.758578304, 51.021760712],
            [3.758600198, 51.021740634],
            [3.758679118, 51.021661277],
            [3.758735858, 51.021606888],
            [3.758824992, 51.021522836],
            [3.758856689, 51.021492258],
            [3.758857445, 51.021491528],
            [3.758857523, 51.021491454],
            [3.759014007, 51.02133117],
            [3.759057115, 51.021288763],
            [3.759085625, 51.021260716],
            [3.759092597, 51.02125386],
            [3.759110576, 51.021236174],
            [3.759134836, 51.021212309],
            [3.759180533, 51.021168096],
            [3.75918566, 51.021163134],
            [3.759232203, 51.021118104],
            [3.759311067, 51.0210418],
            [3.759357909, 51.020996479],
            [3.759401734, 51.020954077],
            [3.759451476, 51.02090595],
            [3.7594743, 51.020883867],
            [3.759519336, 51.020840293],
            [3.759589653, 51.020772258],
            [3.759631687, 51.02073159],
            [3.759686153, 51.020678891],
            [3.759724165, 51.020642028],
            [3.759770983, 51.020596623],
            [3.759771218, 51.020596395],
            [3.75984078, 51.020528935],
            [3.759840939, 51.02052878],
            [3.759879275, 51.020491602],
            [3.75991378, 51.020458139],
            [3.759915773, 51.020456206],
            [3.759952477, 51.02042061],
            [3.759995245, 51.020379132],
            [3.760011309, 51.020363553],
            [3.760033594, 51.020341941],
            [3.760075238, 51.020301554],
            [3.760148385, 51.020230615],
            [3.760182919, 51.020197126],
            [3.76021766, 51.020163432],
            [3.760263226, 51.020119242],
            [3.760311379, 51.020072583],
            [3.760356721, 51.020028647],
            [3.760403126, 51.019983681],
            [3.760448536, 51.019939678],
            [3.760497559, 51.019892175],
            [3.760497752, 51.019891987],
            [3.76054946, 51.019841884],
            [3.760575638, 51.019816517],
            [3.760671617, 51.019723514],
            [3.760722663, 51.019674051],
            [3.760853723, 51.019538975],
            [3.76090565, 51.019485457],
            [3.760946042, 51.019446594],
            [3.760946652, 51.019446008],
            [3.76106578, 51.019331395],
            [3.761066818, 51.019330396],
            [3.761129309, 51.019270274],
            [3.761208281, 51.01921715],
            [3.761210723, 51.019215507],
            [3.761285692, 51.019165089],
            [3.761357979, 51.019116477],
            [3.761374122, 51.01910561],
            [3.761421542, 51.019073719],
            [3.761426695, 51.019070253],
            [3.761436817, 51.019063438],
            [3.761448137, 51.01905563],
            [3.761490566, 51.019026365],
            [3.761504883, 51.019017011],
            [3.76150659, 51.01901587],
            [3.761509113, 51.019014149],
            [3.761529052, 51.019001156],
            [3.761683766, 51.019047971],
            [3.761715472, 51.019057565],
            [3.761754809, 51.019069532],
            [3.76177437, 51.019075482],
            [3.761808044, 51.019085725],
            [3.761848215, 51.019097943],
            [3.761887595, 51.01910992],
            [3.761892574, 51.019111435],
            [3.761917673, 51.019119071],
            [3.761918285, 51.019119257],
            [3.761949183, 51.019128655],
            [3.761979196, 51.019137785],
            [3.76199153, 51.019141537],
            [3.762004437, 51.019145463],
            [3.762007541, 51.019146407],
            [3.762064118, 51.019163621],
            [3.76206723, 51.019164567],
            [3.762122183, 51.019181284],
            [3.762123313, 51.019181628],
            [3.76211869, 51.019186154],
            [3.762117342, 51.019187474],
            [3.7621724, 51.019203368],
            [3.762338696, 51.019251369],
            [3.762440423, 51.019280925],
            [3.762534386, 51.019066087],
            [3.762617089, 51.018912992],
            [3.762689767, 51.018812092],
            [3.762764616, 51.01870812]
          ]
        ]
      }
    }
  ]
}
